net,length_um
_0238_,578.97µm
_0303_,541.51µm
net289,536.32µm
_0458_,487.38µm
_0932_,481.75µm
_1983_,477.63µm
_1492_,460.36µm
_1042_,443.4µm
_1470_,441.32µm
_2422_,438.18µm
_0927_,418.2µm
_1884_,416.59µm
_2191_,413.96µm
_0490_,412.82µm
net218,401.96µm
_4035_,393.44µm
_1240_,383.64µm
net157,378.28µm
net245,372.64µm
_1426_,372.55µm
net4,371.37µm
net307,368.955µm
_1119_,364.81µm
net97,362.74µm
net274,356.815µm
net123,348µm
_0269_,347.02µm
_3885_,345.95µm
_1481_,338.94µm
_3901_,335.76µm
net259,334.6µm
net419,315.725µm
net39,312.87µm
net284,311.3µm
net12,306.28µm
net7,305µm
_1218_,304.34µm
_3668_,302.45µm
net267,302.15µm
net15,301.76µm
net190,298.82µm
_1503_,295.21µm
net9,293.61µm
net64,288.91µm
net187,286.32µm
net282,283.59µm
net32,279.16µm
net292,278.62µm
net107,274.875µm
net16,271.57µm
net321,270.14µm
_2449_,269.24µm
net142,267.5µm
_0685_,267.16µm
net286,264.98µm
net141,264.86µm
counter\[11\],263.48µm
net244,263.45µm
_2378_,262.3µm
net295,260.66µm
counter\[10\],260.37µm
net320,260.08µm
net100,260.02µm
net297,257.24µm
net63,256.58µm
net269,254.1µm
net315,251.58µm
net77,250.27µm
net231,249.86µm
net247,248µm
net261,245µm
net113,243.26µm
net304,242.8µm
_3751_,242.27µm
net162,238.06µm
net186,237.07µm
net191,233.36µm
net248,233.02µm
net55,232.5µm
counter\[5\],232.38µm
_3082_,232.1µm
_2115_,231.36µm
net91,231.28µm
net78,229.71µm
net420,229.34µm
net314,229µm
net226,226.59µm
net138,225.96µm
_2216_,225.665µm
counter\[3\],224.8µm
counter\[7\],222.66µm
net270,221.72µm
_1031_,220.82µm
_0868_,219.86µm
net73,218.58µm
_3827_,217.59µm
net235,216.89µm
net76,215.73µm
net173,214.085µm
_0149_,213.945µm
net116,213.48µm
net319,213.33µm
_3997_,212.32µm
net26,212.24µm
net294,212.2µm
net74,212.1µm
_2678_,212µm
_2268_,211.94µm
_0691_,211.76µm
_0699_,209.9µm
net90,209.86µm
net18,209.52µm
_2163_,209.46µm
counter\[0\],208.91µm
net189,207.76µm
_3652_,206.78µm
net33,206.645µm
_0687_,205.24µm
net106,205.08µm
net200,204.69µm
net61,204.46µm
net233,203.83µm
net298,203.4µm
net42,203.19µm
net265,203.1µm
net14,202.58µm
net79,201.72µm
net299,200.42µm
_2202_,199.935µm
net278,199.52µm
net293,199.42µm
net268,199.17µm
_1229_,198.76µm
net224,197.3µm
net22,196.32µm
net21,195.54µm
net80,195.52µm
net287,194.7µm
net10,194.44µm
net126,194.4µm
net310,194.38µm
_1840_,194.24µm
_0926_,193.29µm
net75,192.74µm
net242,191.72µm
_2883_,190.4µm
net195,189.41µm
net31,189.18µm
net249,188.04µm
net167,187.92µm
net256,187.3µm
net279,187.27µm
_2139_,187.06µm
net217,186.76µm
_0200_,186.72µm
net309,186.685µm
net93,186.27µm
net20,184.72µm
net257,184.14µm
net45,183.79µm
net208,182.26µm
net308,182.22µm
net262,181.84µm
net110,181.24µm
net112,178.55µm
_0863_,176.08µm
net140,175.44µm
_2381_,174.35µm
net82,174µm
_2162_,173.96µm
net238,173.59µm
net302,173.31µm
net58,173µm
_3769_,172.95µm
net133,172.94µm
net137,171.76µm
_2950_,171.63µm
net95,170.68µm
net163,170.2µm
net272,169.24µm
net102,168.18µm
_1873_,167.82µm
net81,167.49µm
net181,167.2µm
net212,166.75µm
net296,166.56µm
net266,166.4µm
net318,165.25µm
net285,165.02µm
net260,164.77µm
_2128_,164.14µm
net182,163.74µm
_2130_,163.12µm
net50,160.76µm
net122,160.7µm
net147,160.46µm
net280,159.935µm
net258,159.44µm
net306,158.88µm
net27,158.74µm
net170,158µm
_2287_,157.38µm
net152,155.94µm
net48,154.82µm
net237,154.7µm
net174,154.6µm
net46,154.52µm
net276,153.96µm
net139,153.48µm
net105,152.91µm
net120,152.705µm
_4038_,152.66µm
net146,152.42µm
net291,150.48µm
net219,149.88µm
net29,148.875µm
net165,148.56µm
_0916_,147.2µm
net119,147.01µm
net263,146.74µm
net311,146.18µm
net153,145.86µm
net290,145.68µm
net198,145.06µm
net283,144.3µm
net214,144.04µm
net168,143.46µm
net176,143.46µm
net161,143.285µm
_0909_,143.13µm
net177,143.125µm
net312,142.3µm
net175,142.05µm
net96,141.94µm
net317,141.7µm
net207,141.2µm
_0684_,139.7µm
net144,139.62µm
net179,138.8µm
net118,137.975µm
net194,137.92µm
_3979_,137.52µm
net204,137.36µm
net222,137.06µm
net275,136.96µm
net84,136.88µm
net240,136.08µm
net135,135.965µm
net228,133.94µm
net185,133.75µm
net85,132.945µm
_2374_,132.84µm
net230,132.08µm
_2286_,131.71µm
net115,131.52µm
net158,131.3µm
net243,131.24µm
net281,130.24µm
net277,130.11µm
_0921_,129.78µm
_0925_,129.78µm
net271,129.54µm
net160,128.82µm
net229,128.78µm
net246,127.44µm
net164,126.36µm
net180,125.56µm
_1427_,125.475µm
net171,124.74µm
net88,123.84µm
net40,123.45µm
net288,122.92µm
net156,122.38µm
net273,122.115µm
_1545_,121.735µm
net202,120.66µm
net205,120.61µm
net188,120.26µm
net196,120.24µm
net303,120.19µm
net301,119.46µm
net305,118.26µm
net166,118.1µm
net125,117.5µm
_1657_,117.42µm
net210,117.37µm
net223,116.91µm
net227,116.86µm
net172,116.22µm
_3976_,116.06µm
net169,114.81µm
net241,114.7µm
net86,114.67µm
net87,114.34µm
net154,113.91µm
_4021_,112.88µm
net159,112.16µm
net251,111.98µm
net264,111.8µm
net99,111.52µm
net199,111.38µm
net239,110.48µm
net215,109.425µm
net211,109.24µm
net213,109.08µm
net121,109.06µm
net193,108.76µm
net23,107.24µm
_3149_,106.36µm
net35,105.24µm
clknet_2_2__leaf_clk,104.76µm
_0207_,104.38µm
net253,104.38µm
net114,104µm
net197,103.975µm
net220,103.58µm
net98,102.08µm
net221,101.12µm
net209,101.1µm
net225,100.6µm
net316,99.36µm
net398,99.02µm
net300,98.495µm
net19,98.15µm
_0443_,97.72µm
net148,97.42µm
net129,97.07µm
net151,95.96µm
net178,95.58µm
_0209_,95.02µm
net117,94.88µm
counter\[9\],94.24µm
clknet_2_3__leaf_clk,93.76µm
_2471_,93.6µm
net254,93.42µm
_2538_,93.3µm
_3309_,93µm
net111,92.62µm
net206,92.1µm
net201,92.04µm
net30,91µm
net101,90.8µm
_2702_,90.4µm
net108,90.12µm
net192,89.86µm
net183,89.14µm
net203,88.83µm
net36,88.76µm
net150,88.66µm
net89,88.44µm
_1108_,88.12µm
net43,87.28µm
net134,86.17µm
_0446_,86.12µm
net143,85.67µm
net234,85.5µm
net400,83.06µm
net103,82.74µm
net255,82.5µm
_0436_,82.46µm
net124,82.44µm
_2127_,82.1µm
net24,81.82µm
net149,81.06µm
net252,80.92µm
_0224_,80.86µm
_2433_,79.64µm
_4097_,78.6µm
_1602_,78.02µm
net232,77.86µm
_0435_,77.68µm
net313,77.5µm
net130,77.2µm
net155,75.86µm
net132,75.2µm
net44,75.06µm
_0432_,73.78µm
_2129_,73.6µm
net236,73.6µm
_0928_,73.14µm
net1,73.08µm
_3672_,73.02µm
_0333_,72.91µm
_0430_,72.18µm
_2665_,71.24µm
_0600_,71.06µm
_3905_,70.5µm
clknet_0_clk,69.82µm
net145,69.74µm
_4044_,67.14µm
net28,66.04µm
net184,65.52µm
net127,65.42µm
net62,64.52µm
_3918_,64.44µm
_3152_,64.43µm
_0365_,64.2µm
clknet_2_1__leaf_clk,64.19µm
_4023_,64.1µm
_2775_,63.78µm
_1622_,63.64µm
_2805_,63.28µm
counter\[13\],62.8µm
_3986_,62.68µm
net136,61.93µm
_3978_,61.1µm
counter\[15\],60.64µm
clk,59.96µm
net250,59.88µm
_3359_,59.82µm
_2736_,59.71µm
net393,59.7µm
_0425_,59.5µm
_2111_,59.44µm
_0001_,58.94µm
net104,58.84µm
net47,58.8µm
net38,58.62µm
_1646_,58.24µm
_0456_,58.14µm
net66,57.98µm
_0597_,56.76µm
_0639_,56.64µm
_3949_,56.61µm
counter\[4\],55.68µm
_3953_,55.52µm
_1256_,55.3µm
net94,55.08µm
_3641_,54.88µm
_0604_,54.86µm
_3908_,54.62µm
_2455_,54.56µm
net5,54.22µm
_2080_,54.08µm
net49,53.64µm
_2767_,52.96µm
_2810_,52.66µm
_3312_,52.44µm
_0415_,52.06µm
clknet_2_0__leaf_clk,51.975µm
_0317_,51.81µm
_4037_,51.72µm
_2523_,51.22µm
net8,50.78µm
_3763_,50.74µm
_2410_,50.735µm
net37,50.44µm
_0602_,50.42µm
_2940_,50.22µm
_1792_,50.04µm
net216,50.03µm
net3,49.9µm
_2004_,49.52µm
net67,49.4µm
_3883_,48.9µm
_3411_,48.76µm
_2239_,48.74µm
_4168_,48.4µm
_2851_,48.22µm
_3667_,48.2µm
_2773_,47.98µm
net6,47.66µm
_0403_,47.12µm
_0210_,46.5µm
_3887_,45.915µm
_3066_,45.61µm
net59,45.28µm
_3952_,45.22µm
_0641_,45.18µm
_0114_,44.68µm
_3584_,44.66µm
_2877_,44.42µm
_2119_,44.22µm
_3656_,43.995µm
_0539_,43.98µm
_3815_,43.92µm
_4125_,43.24µm
_2068_,43.22µm
_3873_,43µm
_1922_,42.86µm
_1010_,42.56µm
net11,42.44µm
_2813_,42.3µm
_0515_,42.24µm
net60,42.06µm
_0223_,41.94µm
_3357_,41.9µm
_2504_,41.78µm
counter\[1\],41.54µm
_3332_,41.48µm
net128,41.44µm
_1721_,41.14µm
_1379_,41.1µm
_3477_,41.1µm
_2133_,40.7µm
_3909_,40.7µm
net131,40.515µm
_3507_,39.98µm
_1162_,39.86µm
_3840_,39.82µm
_0506_,39.7µm
_2588_,39.28µm
_1914_,39.08µm
_2755_,39.08µm
_1127_,38.76µm
_2465_,38.7µm
_3156_,38.6µm
_0296_,38.32µm
_3195_,38.24µm
_3490_,38.24µm
_2448_,38.2µm
net52,38.2µm
_2696_,38.14µm
_3867_,38.12µm
_3297_,38.065µm
_3786_,38.02µm
_0386_,37.94µm
_3376_,37.88µm
_3662_,37.82µm
_3466_,37.8µm
_3463_,37.64µm
_2308_,37.36µm
_2356_,37.36µm
_0348_,37.24µm
_0116_,37.08µm
_1660_,36.98µm
_4004_,36.86µm
_0441_,36.66µm
_2878_,36.36µm
_2359_,36.2µm
_3716_,36.18µm
_3473_,36.14µm
_0388_,36.01µm
_1142_,35.98µm
net72,35.88µm
_2589_,35.84µm
_1802_,35.82µm
_1510_,35.68µm
_3561_,35.64µm
_1837_,35.44µm
_2610_,35.34µm
_3105_,35.24µm
_0335_,35.16µm
_1638_,35.14µm
_2371_,35µm
_2701_,34.94µm
_3307_,34.92µm
_4092_,34.755µm
_1238_,34.62µm
_4039_,34.36µm
_2952_,34.34µm
_3194_,34.18µm
_3829_,34.18µm
_2972_,34.12µm
_2846_,34.1µm
net92,34.02µm
_1404_,33.94µm
_3393_,33.88µm
_0582_,33.82µm
_1761_,33.8µm
_0864_,33.7µm
net109,33.56µm
_3714_,33.5µm
_1242_,33.48µm
_1691_,33.35µm
_1955_,33.315µm
_0405_,33.08µm
_3783_,33.04µm
_3464_,33µm
_1254_,32.92µm
net69,32.68µm
_3547_,32.58µm
net68,32.54µm
_3715_,32.4µm
_1435_,32.36µm
_1929_,32.34µm
_3717_,32.13µm
_3158_,32.08µm
_1623_,32.02µm
_2663_,31.97µm
_0452_,31.92µm
_0635_,31.9µm
_1219_,31.8µm
_1337_,31.8µm
_4192_,31.76µm
_2751_,31.73µm
_2405_,31.66µm
_2612_,31.64µm
_3790_,31.46µm
_2664_,31.38µm
_3276_,31.32µm
_1440_,31.24µm
_0153_,31.2µm
_0707_,31.17µm
_3424_,31.12µm
_3277_,31.04µm
_0498_,30.78µm
_0798_,30.64µm
_3977_,30.62µm
_3001_,30.48µm
_1446_,30.46µm
_2225_,30.46µm
_0384_,30.34µm
_2893_,30.26µm
_0657_,30.18µm
_1192_,30.18µm
_0703_,30.12µm
_0360_,30.08µm
_2147_,30.08µm
_3573_,30.04µm
_1882_,29.98µm
_0880_,29.96µm
_0756_,29.94µm
_4024_,29.88µm
_4156_,29.86µm
_1905_,29.84µm
_2335_,29.84µm
_3739_,29.8µm
_2993_,29.78µm
_1804_,29.67µm
_4147_,29.56µm
_3002_,29.48µm
_3255_,29.38µm
_2104_,29.34µm
_3395_,29.32µm
_0688_,29.28µm
net57,29.26µm
_1469_,29.18µm
_2011_,29.16µm
_2936_,29.12µm
_0800_,29.1µm
net13,29.02µm
_3315_,29µm
_2439_,28.92µm
_3862_,28.92µm
_0518_,28.86µm
_4070_,28.7µm
_3468_,28.66µm
_0358_,28.6µm
_3877_,28.52µm
_1186_,28.48µm
_1831_,28.44µm
_3643_,28.4µm
_3684_,28.36µm
net71,28.36µm
_0593_,28.28µm
net65,28.28µm
_4082_,28.24µm
_0811_,28.22µm
_2809_,28.18µm
net51,28.16µm
_0189_,28.14µm
_4083_,27.88µm
_1455_,27.82µm
_1244_,27.74µm
_3727_,27.68µm
_0082_,27.62µm
_3574_,27.6µm
_3659_,27.58µm
_1549_,27.44µm
_1221_,27.4µm
_2149_,27.39µm
_0584_,27.36µm
_1590_,27.32µm
_1181_,27.28µm
_3741_,27.2µm
_2094_,27.1µm
_1145_,27.04µm
_2406_,26.99µm
_2990_,26.98µm
_2327_,26.96µm
_2806_,26.84µm
_4022_,26.82µm
_0700_,26.8µm
_3282_,26.8µm
_0427_,26.68µm
_0677_,26.64µm
_3146_,26.64µm
_4166_,26.64µm
_0260_,26.54µm
_0263_,26.4µm
_3658_,26.4µm
_2982_,26.38µm
_0992_,26.36µm
_0294_,26.32µm
_1557_,26.26µm
_3567_,26.24µm
counter\[2\],26.24µm
_3360_,26.22µm
_1476_,26.18µm
_3793_,26.14µm
_3287_,26.1µm
_4060_,26.1µm
_0289_,25.98µm
_1102_,25.95µm
_1495_,25.94µm
_1132_,25.84µm
_1821_,25.82µm
_2569_,25.78µm
_3938_,25.78µm
_1987_,25.76µm
_3065_,25.76µm
_3843_,25.76µm
net83,25.74µm
_2428_,25.72µm
_3691_,25.72µm
_0830_,25.66µm
_1066_,25.62µm
_4186_,25.62µm
_1818_,25.605µm
_1401_,25.6µm
_1507_,25.48µm
_1471_,25.42µm
_3486_,25.42µm
_3023_,25.36µm
_3087_,25.36µm
_1771_,25.28µm
_1091_,25.26µm
_3549_,25.18µm
_3768_,25.14µm
net54,25.06µm
_1006_,25.02µm
_1018_,25.02µm
_2609_,25.02µm
_3627_,25.02µm
_1497_,25µm
_1479_,24.9µm
_1894_,24.86µm
_4034_,24.86µm
_0592_,24.82µm
_0576_,24.76µm
_1054_,24.7µm
_1472_,24.66µm
_2328_,24.66µm
_1808_,24.58µm
_4163_,24.56µm
_3253_,24.52µm
_1704_,24.5µm
_3427_,24.46µm
_1978_,24.44µm
counter\[14\],24.42µm
_0455_,24.4µm
_4026_,24.39µm
_2049_,24.37µm
_3548_,24.34µm
_0217_,24.32µm
_2489_,24.3µm
_3673_,24.3µm
_0499_,24.26µm
_2928_,24.235µm
_2923_,24.22µm
_3462_,24.16µm
_3141_,24.14µm
_2143_,24.1µm
_0713_,24.05µm
_1824_,24.04µm
_1319_,23.94µm
_2975_,23.92µm
_3033_,23.88µm
_3756_,23.86µm
_0139_,23.84µm
_1854_,23.84µm
_1200_,23.82µm
_0695_,23.72µm
_2324_,23.72µm
_0632_,23.68µm
_1043_,23.68µm
_0902_,23.64µm
_0281_,23.62µm
_1570_,23.62µm
_1941_,23.62µm
_2764_,23.62µm
_3385_,23.58µm
_1370_,23.56µm
_0874_,23.54µm
_3150_,23.5µm
_2028_,23.48µm
_3465_,23.46µm
_3598_,23.42µm
_0991_,23.4µm
_3552_,23.36µm
_4159_,23.36µm
_0162_,23.34µm
_1050_,23.32µm
_1795_,23.3µm
_2998_,23.26µm
counter\[6\],23.255µm
_3788_,23.22µm
_3419_,23.2µm
_4073_,23.2µm
_1411_,23.18µm
_1542_,23.16µm
_2409_,23.16µm
_1128_,23.13µm
_2134_,23.12µm
_1878_,23.095µm
_2278_,23.06µm
_1453_,23µm
_0930_,22.98µm
_1879_,22.98µm
_0753_,22.96µm
_0812_,22.96µm
_4111_,22.96µm
_3645_,22.94µm
_2385_,22.93µm
_0229_,22.92µm
_0739_,22.92µm
_1491_,22.92µm
_2824_,22.92µm
_3740_,22.92µm
_2171_,22.88µm
_2204_,22.88µm
_4088_,22.84µm
_0150_,22.82µm
_3089_,22.82µm
_1473_,22.76µm
_3481_,22.72µm
_0727_,22.7µm
_3218_,22.68µm
_2393_,22.66µm
_0544_,22.62µm
_3256_,22.62µm
_3333_,22.62µm
_0571_,22.6µm
_0745_,22.58µm
_4203_,22.52µm
_2332_,22.5µm
_3501_,22.5µm
_0950_,22.48µm
_1116_,22.48µm
_2229_,22.38µm
_1277_,22.36µm
_1593_,22.34µm
_0134_,22.31µm
_1947_,22.3µm
_1341_,22.28µm
_0923_,22.27µm
_2570_,22.21µm
_2124_,22.2µm
_0985_,22.14µm
_1848_,22.14µm
_0161_,22.12µm
_1065_,22.08µm
_3713_,22.07µm
_0524_,22.04µm
_3657_,22.04µm
_0282_,21.98µm
_0085_,21.94µm
_1612_,21.94µm
_2573_,21.94µm
_1330_,21.92µm
_3913_,21.9µm
_3686_,21.875µm
_0492_,21.87µm
_2002_,21.84µm
_1569_,21.8µm
_2274_,21.8µm
_1686_,21.795µm
_2364_,21.78µm
_1640_,21.76µm
_1458_,21.74µm
_3766_,21.74µm
_0542_,21.7µm
_0256_,21.67µm
_1340_,21.66µm
_1428_,21.62µm
_1007_,21.58µm
_0771_,21.46µm
_1756_,21.46µm
_1301_,21.42µm
_3368_,21.42µm
counter\[8\],21.38µm
_0072_,21.36µm
_0808_,21.36µm
_1902_,21.36µm
_2257_,21.36µm
_4104_,21.32µm
_3774_,21.3µm
_2461_,21.265µm
_1177_,21.26µm
_3992_,21.26µm
net360,21.26µm
_0418_,21.24µm
_1547_,21.24µm
_3330_,21.24µm
_2348_,21.22µm
_1664_,21.2µm
_1700_,21.2µm
_3167_,21.125µm
_0102_,21.1µm
_0169_,21.1µm
_0761_,21.1µm
_4093_,21.09µm
_1559_,21.085µm
_1522_,21.08µm
_0496_,21.025µm
_0204_,21.02µm
_0481_,21.02µm
_1822_,21.02µm
_3047_,21µm
_3866_,21µm
_2087_,20.96µm
_2516_,20.94µm
_1564_,20.89µm
_4017_,20.88µm
_0242_,20.84µm
_3895_,20.84µm
_2734_,20.8µm
_0420_,20.78µm
_2779_,20.78µm
_2983_,20.76µm
_2958_,20.74µm
delta\[13\],20.68µm
_1776_,20.66µm
_2075_,20.66µm
_2093_,20.64µm
_2077_,20.635µm
_3833_,20.62µm
_1708_,20.6µm
_3055_,20.56µm
_3258_,20.5µm
_1356_,20.48µm
_0467_,20.46µm
net424,20.44µm
_1739_,20.4µm
_1816_,20.4µm
_2847_,20.32µm
_4064_,20.32µm
_2159_,20.28µm
_4048_,20.27µm
_1844_,20.24µm
_4031_,20.24µm
_1468_,20.22µm
_2081_,20.22µm
_0264_,20.18µm
_0095_,20.16µm
_0288_,20.14µm
_0300_,20.14µm
_0782_,20.14µm
_1620_,20.12µm
_1618_,20.08µm
_3608_,20.06µm
_3339_,20.04µm
_0148_,20µm
_3201_,20µm
_0858_,19.98µm
_2387_,19.98µm
_2874_,19.98µm
_2888_,19.98µm
_2815_,19.96µm
_2844_,19.96µm
_2366_,19.86µm
_2443_,19.84µm
rstb,19.84µm
_0422_,19.82µm
_1946_,19.8µm
_0205_,19.78µm
_1605_,19.78µm
_2435_,19.78µm
_2646_,19.76µm
_3690_,19.76µm
_3787_,19.74µm
_1013_,19.72µm
_3474_,19.72µm
_0537_,19.7µm
_0974_,19.7µm
_1023_,19.7µm
_1571_,19.69µm
_2717_,19.68µm
_3809_,19.66µm
_1028_,19.62µm
_2642_,19.62µm
_2649_,19.62µm
_4164_,19.62µm
_2651_,19.54µm
_3651_,19.54µm
_4085_,19.54µm
_0567_,19.52µm
_3172_,19.5µm
_0647_,19.48µm
_2330_,19.46µm
_3759_,19.46µm
_3886_,19.46µm
_2737_,19.42µm
_0397_,19.4µm
_3320_,19.38µm
_2801_,19.34µm
_0124_,19.32µm
_3375_,19.3µm
_1899_,19.28µm
_0409_,19.24µm
_2341_,19.24µm
_3318_,19.24µm
_0203_,19.22µm
_1763_,19.2µm
_3782_,19.19µm
_3870_,19.18µm
_1014_,19.16µm
_2754_,19.16µm
_0778_,19.14µm
_1871_,19.14µm
net362,19.14µm
_0757_,19.12µm
_2720_,19.12µm
_2102_,19.08µm
_2781_,19.06µm
_3614_,19.06µm
_3737_,19.06µm
_4126_,19.06µm
_3143_,19.05µm
_0618_,19.04µm
delta\[8\],19µm
_0875_,18.98µm
_1123_,18.98µm
_3678_,18.94µm
_3973_,18.94µm
_1606_,18.93µm
_3349_,18.92µm
_0501_,18.9µm
_1188_,18.88µm
_2635_,18.84µm
_1335_,18.82µm
_2118_,18.82µm
_4058_,18.8µm
_3448_,18.78µm
_0135_,18.76µm
_0145_,18.7µm
_1008_,18.7µm
_1578_,18.7µm
_0106_,18.68µm
_0794_,18.66µm
_0770_,18.64µm
_1005_,18.64µm
_3688_,18.64µm
_0645_,18.62µm
_2790_,18.62µm
_1044_,18.6µm
_1610_,18.59µm
_3051_,18.58µm
_0860_,18.56µm
_2752_,18.56µm
_4204_,18.55µm
_1728_,18.54µm
_0261_,18.52µm
_0672_,18.52µm
_0747_,18.5µm
_3939_,18.5µm
_1189_,18.46µm
_1245_,18.46µm
_1908_,18.44µm
_2512_,18.44µm
_3179_,18.44µm
_4015_,18.43µm
_0419_,18.4µm
_1215_,18.4µm
_0464_,18.39µm
_1442_,18.36µm
_1868_,18.36µm
_3223_,18.36µm
_3429_,18.36µm
_1011_,18.345µm
_1049_,18.32µm
_2914_,18.3µm
_0473_,18.26µm
_0803_,18.24µm
_2650_,18.24µm
_3475_,18.24µm
_4122_,18.22µm
_1452_,18.175µm
_1088_,18.1µm
_0643_,18.06µm
_1199_,18.06µm
_2599_,18.06µm
_0453_,18.04µm
_2008_,18.035µm
_0951_,18.02µm
_1211_,18.02µm
_1632_,18.02µm
_1701_,18.02µm
_2210_,18.02µm
_1679_,18.01µm
_1147_,18µm
_2544_,18µm
_2600_,18µm
_4018_,17.99µm
_0412_,17.98µm
_2522_,17.98µm
_3102_,17.94µm
_4007_,17.94µm
_0710_,17.905µm
_2222_,17.9µm
_0893_,17.86µm
_1693_,17.86µm
_1826_,17.84µm
_3799_,17.84µm
_3554_,17.83µm
_0532_,17.82µm
_1585_,17.82µm
_0666_,17.76µm
_3789_,17.68µm
_3932_,17.68µm
net25,17.68µm
_1349_,17.66µm
_0746_,17.64µm
_0482_,17.62µm
_1194_,17.6µm
_0374_,17.56µm
_0564_,17.56µm
_1680_,17.56µm
_4161_,17.55µm
_2186_,17.54µm
_0199_,17.52µm
_1419_,17.52µm
_2361_,17.5µm
_0246_,17.48µm
_4188_,17.48µm
_2617_,17.46µm
_4090_,17.4µm
_0693_,17.375µm
_4006_,17.365µm
_2530_,17.36µm
_0580_,17.34µm
_1095_,17.34µm
_2352_,17.34µm
_1179_,17.3µm
_3381_,17.28µm
_3436_,17.28µm
_2066_,17.24µm
_3852_,17.23µm
_0675_,17.22µm
_2804_,17.22µm
_3884_,17.22µm
_2672_,17.2µm
_3301_,17.2µm
_0113_,17.18µm
_2187_,17.18µm
_3732_,17.18µm
_1222_,17.175µm
_0341_,17.16µm
_1997_,17.14µm
_2840_,17.14µm
_3848_,17.14µm
vB[10],17.13µm
_3173_,17.1µm
_3215_,17.08µm
_2091_,17.06µm
_2318_,17.04µm
_2687_,17.04µm
_0655_,17.02µm
_0375_,17µm
_2039_,17µm
_3437_,17µm
_3514_,16.995µm
_4066_,16.985µm
_0569_,16.98µm
_2644_,16.98µm
_2110_,16.96µm
_0573_,16.94µm
_2618_,16.94µm
_1603_,16.86µm
_2791_,16.86µm
_3798_,16.86µm
_3685_,16.84µm
_0064_,16.82µm
_1350_,16.78µm
_2594_,16.78µm
_3941_,16.78µm
_3207_,16.76µm
_2148_,16.755µm
_1143_,16.74µm
_3878_,16.74µm
_1227_,16.705µm
_1772_,16.7µm
_3504_,16.7µm
_3703_,16.66µm
_1718_,16.64µm
_1760_,16.64µm
_1072_,16.62µm
_1152_,16.62µm
_1806_,16.62µm
_3650_,16.62µm
_0454_,16.6µm
_4001_,16.54µm
_0130_,16.52µm
_3415_,16.515µm
_0935_,16.48µm
_1692_,16.42µm
_2224_,16.42µm
_2627_,16.4µm
_3959_,16.4µm
_0568_,16.36µm
_2479_,16.35µm
_0298_,16.32µm
_2141_,16.32µm
_1989_,16.3µm
_2860_,16.3µm
_2802_,16.295µm
_2150_,16.28µm
_3086_,16.28µm
_4011_,16.28µm
_1509_,16.26µm
_1703_,16.26µm
_2688_,16.26µm
_3058_,16.26µm
_3461_,16.26µm
_0962_,16.24µm
net53,16.24µm
_0369_,16.22µm
_2418_,16.21µm
_0577_,16.2µm
_2710_,16.19µm
periodTop[0],16.19µm
_3187_,16.18µm
_1807_,16.16µm
_2307_,16.16µm
_2891_,16.16µm
_1487_,16.12µm
_2941_,16.12µm
_2954_,16.1µm
_3267_,16.1µm
_3434_,16.08µm
_1709_,16.06µm
_3273_,16.05µm
_2725_,16.04µm
_3527_,16.04µm
_0690_,16.02µm
_2079_,16.02µm
_2859_,15.98µm
_3420_,15.96µm
_3425_,15.96µm
_0276_,15.94µm
_1965_,15.94µm
_2853_,15.94µm
_3213_,15.94µm
_3280_,15.94µm
_1366_,15.92µm
_2014_,15.92µm
_2563_,15.92µm
_1322_,15.9µm
_0111_,15.88µm
_2184_,15.88µm
_3914_,15.88µm
_1829_,15.86µm
_1644_,15.84µm
_1176_,15.83µm
_0502_,15.82µm
_1915_,15.82µm
_2818_,15.82µm
_2965_,15.82µm
_1015_,15.805µm
_0474_,15.8µm
_1348_,15.8µm
_1539_,15.8µm
_2509_,15.8µm
_2973_,15.8µm
_3929_,15.8µm
_1535_,15.74µm
_0320_,15.72µm
_2057_,15.72µm
_3451_,15.72µm
_3566_,15.7µm
_3967_,15.7µm
_3185_,15.68µm
_4109_,15.68µm
_1852_,15.66µm
_3135_,15.66µm
_3373_,15.66µm
_0767_,15.64µm
_0806_,15.64µm
_0662_,15.6µm
_3228_,15.6µm
_3238_,15.6µm
_3856_,15.6µm
_3806_,15.575µm
_0723_,15.56µm
_1303_,15.56µm
_2235_,15.56µm
_3077_,15.56µm
_3116_,15.56µm
_2568_,15.52µm
_0488_,15.46µm
_3517_,15.46µm
_2694_,15.44µm
_0470_,15.42µm
_1457_,15.42µm
_0324_,15.4µm
_0480_,15.4µm
_2784_,15.4µm
_3720_,15.4µm
_0973_,15.38µm
_1895_,15.38µm
_3164_,15.38µm
_0299_,15.36µm
_1625_,15.36µm
_2536_,15.36µm
_3433_,15.36µm
_3894_,15.36µm
_0283_,15.34µm
_0622_,15.34µm
_1658_,15.34µm
_2400_,15.34µm
_2511_,15.3µm
_3099_,15.28µm
_1063_,15.26µm
_2264_,15.26µm
_2398_,15.26µm
_3030_,15.26µm
_3542_,15.26µm
_2084_,15.255µm
_0758_,15.22µm
_3222_,15.22µm
_3261_,15.22µm
_4187_,15.22µm
vB[7],15.19µm
_0801_,15.185µm
_2956_,15.18µm
_3111_,15.18µm
_0637_,15.14µm
_1974_,15.14µm
_1992_,15.135µm
_0466_,15.12µm
_4173_,15.1µm
_0789_,15.08µm
_1255_,15.08µm
_2161_,15.06µm
_3528_,15.06µm
_0517_,15.04µm
_1832_,15.04µm
_2226_,15.02µm
_3366_,15.02µm
_4198_,15.02µm
_3128_,15µm
_0878_,14.98µm
_1202_,14.94µm
_3600_,14.94µm
_4182_,14.94µm
delta\[12\],14.94µm
_0077_,14.92µm
_3266_,14.92µm
_1540_,14.91µm
_0768_,14.9µm
_1012_,14.88µm
_3440_,14.86µm
_2540_,14.84µm
_1608_,14.82µm
_1817_,14.82µm
_1991_,14.82µm
_2392_,14.82µm
_3186_,14.82µm
_3841_,14.82µm
_0290_,14.8µm
_2697_,14.8µm
_4002_,14.8µm
_0277_,14.78µm
_0528_,14.78µm
_0840_,14.78µm
_3391_,14.78µm
_2513_,14.76µm
_3639_,14.76µm
_3113_,14.74µm
delta\[2\],14.74µm
_0842_,14.72µm
_2738_,14.72µm
_1195_,14.7µm
_1281_,14.7µm
_0394_,14.68µm
_1309_,14.68µm
_1554_,14.68µm
_1742_,14.66µm
_1609_,14.64µm
_2829_,14.64µm
_3034_,14.64µm
_1799_,14.62µm
_3975_,14.62µm
_2868_,14.61µm
_2542_,14.6µm
_3944_,14.6µm
_0884_,14.58µm
_0924_,14.56µm
_1160_,14.56µm
_2794_,14.56µm
_3968_,14.56µm
_3367_,14.52µm
_3594_,14.52µm
_3868_,14.52µm
_1324_,14.49µm
_1089_,14.48µm
_1138_,14.48µm
_1248_,14.48µm
_4179_,14.48µm
_3995_,14.445µm
_2046_,14.44µm
_2682_,14.44µm
_3028_,14.44µm
_3496_,14.44µm
_2196_,14.42µm
_3071_,14.42µm
_3988_,14.42µm
_3692_,14.4µm
_0196_,14.375µm
_1364_,14.36µm
_1945_,14.34µm
_2106_,14.34µm
_2537_,14.34µm
_3019_,14.34µm
_3582_,14.335µm
_1048_,14.3µm
_2444_,14.3µm
_1538_,14.28µm
_1613_,14.28µm
_1949_,14.28µm
_0970_,14.26µm
_1268_,14.26µm
_1045_,14.24µm
_1860_,14.24µm
_0070_,14.23µm
_0170_,14.22µm
_1409_,14.22µm
net355,14.22µm
_0586_,14.2µm
_0885_,14.2µm
_3294_,14.2µm
_0751_,14.18µm
_1814_,14.18µm
_3204_,14.18µm
_3863_,14.18µm
_3683_,14.17µm
delta\[6\],14.16µm
_1402_,14.145µm
_0193_,14.14µm
_0495_,14.14µm
_3326_,14.14µm
_2652_,14.12µm
_3711_,14.11µm
_0314_,14.1µm
_3958_,14.1µm
_0661_,14.08µm
_0886_,14.08µm
_1595_,14.08µm
_3371_,14.08µm
_2360_,14.06µm
_2417_,14.06µm
_3543_,14.06µm
_2713_,14.055µm
_2501_,14.04µm
_2994_,14.04µm
_3676_,14.04µm
rising,14.005µm
_0799_,14µm
_2213_,13.98µm
_3680_,13.98µm
_3923_,13.98µm
_2391_,13.96µm
_2585_,13.96µm
_3306_,13.95µm
_1100_,13.94µm
_0416_,13.92µm
_4169_,13.92µm
_2590_,13.895µm
_3369_,13.89µm
_1932_,13.88µm
_2323_,13.88µm
_2740_,13.88µm
_1733_,13.86µm
_2470_,13.855µm
_2659_,13.84µm
_0066_,13.8µm
_0892_,13.8µm
_2369_,13.8µm
_1292_,13.78µm
_0219_,13.76µm
_0364_,13.76µm
_4191_,13.76µm
_2486_,13.72µm
_3828_,13.72µm
_1861_,13.68µm
_1274_,13.64µm
_3161_,13.64µm
_3569_,13.64µm
_4144_,13.64µm
_2903_,13.62µm
_3014_,13.62µm
_3025_,13.62µm
_3752_,13.62µm
_3723_,13.6µm
_1431_,13.56µm
_2622_,13.56µm
_3964_,13.56µm
_0545_,13.54µm
_1193_,13.54µm
_1360_,13.54µm
_2979_,13.54µm
_3246_,13.52µm
_2344_,13.5µm
_2876_,13.5µm
_0400_,13.46µm
_3352_,13.45µm
_1178_,13.44µm
_1847_,13.44µm
_0847_,13.42µm
_3511_,13.42µm
_3664_,13.42µm
_3765_,13.42µm
_3947_,13.42µm
_1943_,13.4µm
_2154_,13.4µm
_2399_,13.4µm
_2535_,13.4µm
vC[10],13.4µm
_2167_,13.38µm
_3171_,13.38µm
_0235_,13.36µm
_1781_,13.36µm
_3012_,13.34µm
_3191_,13.34µm
_2007_,13.3µm
_2024_,13.3µm
_2426_,13.3µm
_3693_,13.3µm
pwmC,13.3µm
_3857_,13.29µm
_1927_,13.28µm
_3595_,13.28µm
_3632_,13.26µm
_1674_,13.22µm
_2316_,13.22µm
_3006_,13.22µm
_2757_,13.2µm
_3350_,13.2µm
_3264_,13.18µm
_3831_,13.18µm
_0715_,13.16µm
_2686_,13.16µm
_3970_,13.16µm
_3629_,13.14µm
_1041_,13.1µm
_4158_,13.1µm
_0549_,13.06µm
_2441_,13.06µm
_0359_,13.04µm
_2921_,13.04µm
net373,13.04µm
_1583_,13.005µm
_3590_,13µm
_0383_,12.98µm
_0155_,12.96µm
_1373_,12.96µm
_1546_,12.96µm
_3236_,12.96µm
_3897_,12.96µm
_2160_,12.94µm
_2586_,12.94µm
_3106_,12.94µm
_1391_,12.92µm
_2927_,12.92µm
_1339_,12.91µm
_2643_,12.91µm
_3891_,12.91µm
_1441_,12.88µm
_1685_,12.88µm
_0741_,12.84µm
_0744_,12.84µm
_1352_,12.84µm
_1732_,12.84µm
_0355_,12.8µm
_0581_,12.8µm
_2402_,12.8µm
_0933_,12.78µm
_4152_,12.77µm
_1906_,12.76µm
_3121_,12.76µm
_2861_,12.74µm
_3469_,12.74µm
_0594_,12.735µm
_1385_,12.72µm
_1971_,12.72µm
_1985_,12.72µm
_0648_,12.7µm
_0896_,12.7µm
_2285_,12.7µm
_3899_,12.7µm
_1953_,12.68µm
_0156_,12.66µm
_2089_,12.66µm
_2698_,12.66µm
_1412_,12.64µm
_3015_,12.64µm
_0228_,12.62µm
_0548_,12.62µm
_0644_,12.62µm
_2234_,12.62µm
_2741_,12.62µm
_3041_,12.62µm
_3724_,12.62µm
_3993_,12.62µm
_1766_,12.6µm
_2384_,12.6µm
_1253_,12.59µm
_0195_,12.58µm
_0252_,12.58µm
_3010_,12.58µm
_3402_,12.58µm
_0450_,12.56µm
_0250_,12.54µm
_0775_,12.54µm
_3592_,12.54µm
_1342_,12.52µm
_2867_,12.52µm
net406,12.52µm
_0177_,12.5µm
_0413_,12.5µm
_1592_,12.5µm
_1687_,12.5µm
_2244_,12.5µm
_3397_,12.5µm
_3797_,12.5µm
_3974_,12.5µm
_2252_,12.48µm
periodTop[13],12.48µm
_1600_,12.46µm
_1759_,12.46µm
_2215_,12.46µm
_2948_,12.46µm
delta\[4\],12.46µm
_1518_,12.43µm
_1533_,12.42µm
_2065_,12.42µm
_1729_,12.4µm
_3661_,12.4µm
_3712_,12.4µm
_1168_,12.38µm
_1418_,12.38µm
_1897_,12.38µm
_2490_,12.37µm
_0651_,12.36µm
_3084_,12.36µm
_1682_,12.35µm
_1967_,12.34µm
_1482_,12.33µm
_0437_,12.3µm
_1483_,12.3µm
_2795_,12.3µm
_3871_,12.3µm
_0285_,12.28µm
_0702_,12.28µm
_0895_,12.28µm
_1060_,12.28µm
_2827_,12.28µm
_0126_,12.26µm
_2152_,12.26µm
_3321_,12.26µm
_2744_,12.24µm
_3122_,12.22µm
_2190_,12.2µm
_3159_,12.2µm
_3823_,12.2µm
_2495_,12.195µm
_1257_,12.18µm
_1290_,12.18µm
_1993_,12.18µm
_0663_,12.16µm
_2494_,12.16µm
_2598_,12.16µm
_3032_,12.16µm
_3059_,12.16µm
_0356_,12.14µm
_0543_,12.14µm
_2013_,12.14µm
_0485_,12.13µm
_0308_,12.12µm
_0385_,12.12µm
_1157_,12.12µm
_2575_,12.12µm
_0790_,12.1µm
_1004_,12.1µm
_1408_,12.1µm
_1977_,12.1µm
_2033_,12.1µm
_1237_,12.08µm
_3370_,12.08µm
_3646_,12.08µm
_1490_,12.06µm
_2532_,12.06µm
_3027_,12.06µm
_0836_,12.04µm
_1387_,12.04µm
_2092_,12.04µm
_3541_,12.04µm
_3795_,12.04µm
_1113_,12.02µm
periodTop[14],12.02µm
pwmA,12.02µm
vA[14],12.02µm
vC[11],12.02µm
vC[12],12.02µm
vC[13],12.02µm
vC[15],12.02µm
vC[9],12.02µm
_0732_,12µm
_0440_,11.96µm
_2317_,11.96µm
_3081_,11.96µm
_3924_,11.96µm
_2910_,11.94µm
_0338_,11.92µm
_2060_,11.92µm
_2181_,11.92µm
_3293_,11.92µm
periodTop[4],11.92µm
_3303_,11.9µm
_2510_,11.89µm
_0990_,11.88µm
_2062_,11.88µm
_2895_,11.88µm
_4127_,11.88µm
_1172_,11.84µm
_1588_,11.84µm
_1972_,11.84µm
_2230_,11.84µm
_3112_,11.84µm
_3428_,11.84µm
_3623_,11.84µm
_3694_,11.84µm
_0636_,11.835µm
_0332_,11.83µm
_1506_,11.83µm
_3319_,11.815µm
_2633_,11.81µm
_0862_,11.8µm
_0959_,11.8µm
_0967_,11.8µm
_2541_,11.8µm
_4113_,11.8µm
net382,11.8µm
_1734_,11.78µm
_3576_,11.78µm
_1153_,11.76µm
_2201_,11.76µm
_1486_,11.74µm
_2256_,11.74µm
_3210_,11.74µm
_3257_,11.74µm
_1026_,11.72µm
_2458_,11.72µm
_3666_,11.72µm
_4053_,11.72µm
_4095_,11.72µm
_4096_,11.72µm
_4141_,11.72µm
_4190_,11.72µm
_2593_,11.71µm
_0776_,11.7µm
_1365_,11.7µm
_1637_,11.7µm
_3358_,11.7µm
_1973_,11.68µm
_1094_,11.66µm
_2082_,11.66µm
_0240_,11.645µm
_2629_,11.64µm
_2849_,11.64µm
_3499_,11.64µm
_1957_,11.63µm
_0670_,11.62µm
_2030_,11.62µm
_2373_,11.62µm
_3272_,11.62µm
_3508_,11.62µm
_3844_,11.62µm
_4105_,11.62µm
_1020_,11.6µm
_2197_,11.6µm
_0178_,11.58µm
_1267_,11.58µm
_1827_,11.58µm
_2548_,11.58µm
_3890_,11.58µm
_0469_,11.57µm
_4205_,11.56µm
periodTop[12],11.56µm
periodTop[15],11.56µm
vC[14],11.56µm
_0083_,11.54µm
_1140_,11.54µm
_1713_,11.5µm
_2376_,11.5µm
_3064_,11.5µm
_3660_,11.5µm
_3754_,11.49µm
_0553_,11.48µm
_3136_,11.48µm
_0268_,11.46µm
_1962_,11.46µm
_3107_,11.46µm
net421,11.46µm
_1717_,11.44µm
_2429_,11.43µm
_0913_,11.42µm
_2595_,11.42µm
_4196_,11.42µm
_3193_,11.395µm
_1285_,11.38µm
_1607_,11.38µm
_2040_,11.38µm
_3413_,11.38µm
_3804_,11.38µm
delta\[5\],11.38µm
_2518_,11.375µm
_0516_,11.36µm
_0610_,11.36µm
_1032_,11.36µm
_1530_,11.36µm
_2297_,11.36µm
_0804_,11.34µm
_0839_,11.34µm
_1111_,11.34µm
_1789_,11.34µm
_2217_,11.34µm
_2221_,11.34µm
_3196_,11.34µm
_0500_,11.32µm
_0550_,11.32µm
_1185_,11.32µm
_2067_,11.32µm
_2800_,11.32µm
_2166_,11.3µm
_3762_,11.3µm
_0234_,11.28µm
_0940_,11.28µm
_3279_,11.28µm
_2946_,11.275µm
_1695_,11.26µm
_0197_,11.24µm
_1420_,11.24µm
_3050_,11.24µm
_3562_,11.24µm
_0546_,11.22µm
_0617_,11.22µm
_0765_,11.22µm
_3249_,11.22µm
_3426_,11.22µm
_2305_,11.2µm
_3450_,11.2µm
_3705_,11.19µm
_0343_,11.18µm
_1576_,11.18µm
_1833_,11.18µm
_2263_,11.18µm
_4139_,11.18µm
_0312_,11.16µm
_0447_,11.16µm
_0463_,11.16µm
_1368_,11.16µm
_1783_,11.16µm
_1988_,11.16µm
_3029_,11.16µm
_0304_,11.14µm
_2628_,11.14µm
periodTop[5],11.14µm
_0606_,11.12µm
_1166_,11.12µm
_3374_,11.12µm
_1398_,11.11µm
_0783_,11.1µm
_0870_,11.1µm
_2913_,11.1µm
_3800_,11.1µm
periodTop[11],11.1µm
_1046_,11.08µm
_3031_,11.08µm
_0331_,11.06µm
_1665_,11.06µm
_2743_,11.06µm
_1494_,11.04µm
_1573_,11.04µm
_1999_,11.04µm
_2925_,11.04µm
_3472_,11.04µm
_3760_,11.04µm
_0433_,11.03µm
_0621_,11.02µm
_2329_,11.02µm
_0389_,11µm
_0948_,11µm
_2733_,11µm
_2916_,11µm
halt,11µm
vC[6],11µm
_0706_,10.98µm
_0922_,10.98µm
_0449_,10.96µm
_0907_,10.96µm
_0988_,10.96µm
_4077_,10.96µm
delta\[7\],10.94µm
_1423_,10.92µm
_1681_,10.92µm
_2000_,10.92µm
_2960_,10.92µm
_2917_,10.9µm
_4128_,10.9µm
net399,10.9µm
_2481_,10.88µm
_3999_,10.88µm
_1207_,10.86µm
_1284_,10.86µm
_2999_,10.86µm
_2298_,10.84µm
_2709_,10.84µm
_1139_,10.835µm
_0883_,10.825µm
_0476_,10.82µm
_0520_,10.82µm
_1327_,10.82µm
_2749_,10.82µm
_3021_,10.82µm
_3874_,10.82µm
_0107_,10.8µm
_3555_,10.8µm
_0254_,10.78µm
_3710_,10.78µm
_2070_,10.76µm
_0805_,10.74µm
_2624_,10.74µm
_3636_,10.74µm
_3781_,10.74µm
_3834_,10.74µm
net41,10.74µm
vB[4],10.73µm
_0534_,10.72µm
_2896_,10.72µm
_4117_,10.72µm
_0547_,10.71µm
_3945_,10.71µm
_0378_,10.7µm
_0380_,10.7µm
_1033_,10.7µm
_1923_,10.7µm
_2654_,10.7µm
_3785_,10.7µm
_4136_,10.7µm
_1069_,10.68µm
_2938_,10.68µm
_0363_,10.66µm
_1764_,10.66µm
_3044_,10.66µm
_3243_,10.66µm
_3826_,10.66µm
_4202_,10.66µm
_1121_,10.64µm
_1154_,10.64µm
_3283_,10.64µm
_1851_,10.62µm
_2015_,10.62µm
_2326_,10.62µm
_2792_,10.62µm
_3449_,10.62µm
_3537_,10.62µm
_3910_,10.62µm
_1434_,10.6µm
_2684_,10.6µm
_3898_,10.6µm
_4041_,10.6µm
_0099_,10.58µm
_0172_,10.58µm
_0785_,10.58µm
_1849_,10.58µm
_1996_,10.58µm
_3943_,10.58µm
_0754_,10.56µm
_2680_,10.56µm
_0202_,10.54µm
_1208_,10.54µm
_1396_,10.54µm
_3328_,10.54µm
_3670_,10.54µm
_1937_,10.52µm
_2238_,10.52µm
_3807_,10.515µm
_1236_,10.5µm
_1496_,10.5µm
_1629_,10.5µm
_1754_,10.5µm
_2673_,10.5µm
_3860_,10.5µm
_4183_,10.5µm
_1321_,10.46µm
_1753_,10.46µm
_2038_,10.46µm
_2716_,10.46µm
_1642_,10.44µm
_2176_,10.44µm
_0140_,10.42µm
_1308_,10.42µm
_2520_,10.42µm
_3144_,10.42µm
_3706_,10.42µm
_3735_,10.42µm
_4150_,10.42µm
_0230_,10.4µm
_2042_,10.4µm
_2534_,10.4µm
net394,10.4µm
_0484_,10.38µm
_0692_,10.38µm
_2036_,10.38µm
_2192_,10.38µm
_2478_,10.38µm
_2974_,10.38µm
_0293_,10.37µm
_1417_,10.36µm
_1614_,10.36µm
_1794_,10.36µm
_3835_,10.36µm
_0258_,10.34µm
_1631_,10.34µm
_3108_,10.325µm
_0572_,10.32µm
_0616_,10.32µm
_1104_,10.32µm
_3796_,10.32µm
_0686_,10.315µm
_3550_,10.31µm
_1819_,10.3µm
pwmB,10.3µm
_1678_,10.29µm
_0414_,10.28µm
_1917_,10.28µm
_2363_,10.28µm
_3398_,10.28µm
_3892_,10.28µm
_4135_,10.28µm
_0748_,10.26µm
_1641_,10.26µm
_0146_,10.24µm
_0326_,10.24µm
_0817_,10.24µm
_2782_,10.24µm
_2833_,10.24µm
_2969_,10.24µm
_3545_,10.24µm
_3821_,10.24µm
net2,10.24µm
_1746_,10.2µm
_3091_,10.2µm
_3098_,10.2µm
_3275_,10.2µm
_3446_,10.2µm
_3982_,10.2µm
_4052_,10.2µm
_0504_,10.18µm
_0398_,10.16µm
_0931_,10.16µm
_1078_,10.16µm
_1964_,10.16µm
_2157_,10.16µm
_2476_,10.16µm
_3017_,10.16µm
_3248_,10.16µm
_3439_,10.16µm
delta\[14\],10.16µm
_2321_,10.15µm
_0832_,10.14µm
_1890_,10.14µm
_1276_,10.13µm
_0575_,10.12µm
_1726_,10.12µm
_2502_,10.12µm
_3165_,10.12µm
_3950_,10.12µm
_3232_,10.105µm
_0275_,10.1µm
vB[9],10.09µm
_0379_,10.08µm
_2871_,10.08µm
_2957_,10.08µm
_3377_,10.08µm
_3847_,10.075µm
_2207_,10.06µm
_2357_,10.06µm
_4075_,10.06µm
_4165_,10.06µm
vB[11],10.05µm
_0280_,10.04µm
_0376_,10.04µm
_0526_,10.04µm
_0714_,10.04µm
_3198_,10.04µm
_3633_,10.04µm
_2905_,10.035µm
_3088_,10.02µm
_0350_,10.01µm
_0721_,10.01µm
_0076_,10µm
_1810_,10µm
_3378_,10µm
_3742_,10µm
_0257_,9.98µm
_0649_,9.96µm
_0837_,9.96µm
_2343_,9.96µm
_2820_,9.96µm
_4121_,9.96µm
_2807_,9.945µm
_1597_,9.94µm
_1954_,9.94µm
_2706_,9.94µm
_3513_,9.94µm
_4029_,9.94µm
net361,9.94µm
_0980_,9.92µm
_1137_,9.92µm
_1173_,9.92µm
_4046_,9.92µm
_0559_,9.9µm
_1399_,9.9µm
_1859_,9.9µm
_2055_,9.9µm
_2342_,9.9µm
_2582_,9.9µm
_3166_,9.9µm
net56,9.9µm
_0972_,9.88µm
_1074_,9.88µm
_1184_,9.88µm
_1232_,9.88µm
_1541_,9.88µm
_1651_,9.88µm
_1780_,9.88µm
_2892_,9.88µm
_4067_,9.875µm
_2693_,9.86µm
net426,9.86µm
_3851_,9.85µm
_0073_,9.84µm
_0159_,9.84µm
_0406_,9.84µm
_0796_,9.84µm
_1230_,9.84µm
_3284_,9.84µm
_3858_,9.84µm
_0774_,9.82µm
_0944_,9.82µm
_1465_,9.82µm
_1951_,9.82µm
_1961_,9.82µm
_2126_,9.82µm
_4118_,9.82µm
_0533_,9.815µm
_0214_,9.8µm
_2122_,9.8µm
_3896_,9.8µm
_2272_,9.78µm
_3049_,9.78µm
_3115_,9.78µm
_3181_,9.78µm
_3208_,9.78µm
_3618_,9.78µm
_3702_,9.78µm
_0742_,9.77µm
_2902_,9.77µm
_2907_,9.76µm
_3553_,9.76µm
_4084_,9.76µm
_0555_,9.74µm
_1114_,9.74µm
_1129_,9.74µm
_2073_,9.74µm
_2454_,9.74µm
_2475_,9.74µm
_2774_,9.74µm
_3180_,9.74µm
_3818_,9.73µm
_1293_,9.72µm
_3000_,9.72µm
_4151_,9.72µm
_0142_,9.7µm
_0213_,9.7µm
_0735_,9.7µm
_0998_,9.7µm
_1262_,9.7µm
_1526_,9.7µm
_1544_,9.7µm
_1907_,9.7µm
_2023_,9.7µm
_2052_,9.7µm
_2482_,9.7µm
_2491_,9.7µm
_2577_,9.7µm
_2742_,9.7µm
_3400_,9.7µm
_0092_,9.69µm
_1624_,9.68µm
_1725_,9.68µm
_0075_,9.66µm
_0725_,9.66µm
_1770_,9.66µm
_1869_,9.66µm
_2576_,9.66µm
_3731_,9.66µm
_3822_,9.66µm
_1517_,9.64µm
vB[0],9.64µm
vB[1],9.64µm
_0665_,9.62µm
_1009_,9.62µm
_1425_,9.62µm
_2337_,9.62µm
_2607_,9.62µm
_2911_,9.62µm
_3251_,9.62µm
_3587_,9.62µm
_2108_,9.6µm
_3588_,9.6µm
_0734_,9.58µm
_0828_,9.58µm
_1711_,9.58µm
_2243_,9.58µm
_3311_,9.58µm
_4045_,9.58µm
_4148_,9.57µm
_1568_,9.56µm
_1191_,9.55µm
_0827_,9.54µm
_0852_,9.54µm
_1577_,9.54µm
_1666_,9.54µm
_1933_,9.54µm
_3671_,9.54µm
_3757_,9.54µm
_4012_,9.54µm
net408,9.54µm
_0979_,9.52µm
_2667_,9.52µm
_3364_,9.52µm
_3864_,9.52µm
_3972_,9.52µm
_1800_,9.51µm
_2797_,9.51µm
_2712_,9.5µm
_3399_,9.5µm
_3480_,9.5µm
_3506_,9.5µm
periodTop[3],9.49µm
_0729_,9.48µm
_0897_,9.48µm
_1283_,9.48µm
_2900_,9.48µm
_4099_,9.48µm
net391,9.48µm
_2732_,9.47µm
_0505_,9.46µm
_0941_,9.46µm
_1768_,9.46µm
_1944_,9.46µm
_2165_,9.46µm
_2812_,9.46µm
_3700_,9.46µm
_3746_,9.46µm
_0964_,9.45µm
_1228_,9.45µm
_0865_,9.44µm
_1524_,9.44µm
_2044_,9.44µm
_2155_,9.44µm
_2601_,9.44µm
_2803_,9.44µm
_2980_,9.44µm
_3322_,9.44µm
_1421_,9.435µm
_0119_,9.42µm
_0462_,9.42µm
_4003_,9.42µm
_0717_,9.4µm
_0889_,9.4µm
_1264_,9.4µm
_2880_,9.4µm
_1241_,9.38µm
_1296_,9.38µm
_2411_,9.38µm
_0088_,9.36µm
_0321_,9.36µm
_0535_,9.36µm
_0993_,9.36µm
_1062_,9.36µm
_1082_,9.36µm
_1449_,9.36µm
_3124_,9.36µm
_0487_,9.34µm
_1938_,9.34µm
_2253_,9.34µm
_3070_,9.34µm
_3698_,9.34µm
_0955_,9.32µm
_2185_,9.32µm
_3338_,9.32µm
_3675_,9.32µm
_3876_,9.32µm
_3940_,9.32µm
_1684_,9.3µm
_0525_,9.28µm
_1901_,9.28µm
_2083_,9.28µm
_3776_,9.27µm
_0302_,9.26µm
_1052_,9.26µm
_3689_,9.26µm
_3917_,9.26µm
_1126_,9.24µm
_1960_,9.24µm
_2301_,9.24µm
_2334_,9.24µm
_2552_,9.24µm
_2567_,9.24µm
_2648_,9.24µm
_3230_,9.24µm
delta\[11\],9.24µm
_2245_,9.22µm
_3568_,9.22µm
_1371_,9.2µm
_2930_,9.2µm
_3200_,9.2µm
_3839_,9.2µm
_4061_,9.2µm
_2205_,9.18µm
_1000_,9.17µm
_3337_,9.17µm
_0316_,9.16µm
_0737_,9.16µm
_1534_,9.16µm
_2587_,9.16µm
_2838_,9.16µm
_3919_,9.16µm
_4189_,9.16µm
delta\[9\],9.16µm
net372,9.16µm
_0724_,9.14µm
_3585_,9.14µm
_3854_,9.13µm
_0905_,9.12µm
_2168_,9.12µm
_2462_,9.12µm
_2647_,9.12µm
_3063_,9.12µm
_3356_,9.12µm
_3484_,9.12µm
delta\[10\],9.12µm
delta\[3\],9.12µm
_0472_,9.1µm
_2745_,9.09µm
_0186_,9.08µm
_0392_,9.08µm
_1369_,9.08µm
_3042_,9.08µm
_3346_,9.08µm
_0730_,9.06µm
_2660_,9.05µm
_2711_,9.05µm
_2032_,9.04µm
_2169_,9.04µm
_2198_,9.04µm
_3379_,9.04µm
_3808_,9.04µm
_1090_,9.035µm
_0711_,9.02µm
_3263_,9.02µm
_0079_,9µm
_1950_,9µm
_2131_,9µm
_2968_,9µm
_1198_,8.98µm
_0620_,8.96µm
_0853_,8.96µm
_1769_,8.96µm
_2315_,8.96µm
_2526_,8.96µm
_3644_,8.96µm
_0654_,8.94µm
_1317_,8.94µm
_2850_,8.94µm
_3203_,8.94µm
_3331_,8.94µm
_2899_,8.92µm
_1855_,8.915µm
_0823_,8.9µm
_1626_,8.9µm
_2367_,8.9µm
_2425_,8.9µm
_3515_,8.9µm
_0174_,8.89µm
_4106_,8.88µm
_1893_,8.87µm
_2135_,8.87µm
_0888_,8.86µm
_2085_,8.86µm
net363,8.86µm
_2314_,8.84µm
_2856_,8.84µm
vA[0],8.84µm
vC[0],8.84µm
vC[2],8.84µm
_0089_,8.82µm
_0143_,8.82µm
_1038_,8.82µm
_1315_,8.82µm
_1332_,8.82µm
_1563_,8.82µm
_1567_,8.82µm
_2223_,8.82µm
_3242_,8.82µm
_4108_,8.82µm
net402,8.82µm
_3441_,8.81µm
_0201_,8.805µm
_0080_,8.8µm
_1466_,8.8µm
_1611_,8.8µm
_2383_,8.8µm
_3965_,8.8µm
_0319_,8.79µm
_1850_,8.79µm
_3824_,8.79µm
_0561_,8.785µm
_0401_,8.78µm
_0815_,8.78µm
_0876_,8.78µm
_1858_,8.78µm
_2270_,8.78µm
_2310_,8.78µm
_2620_,8.78µm
_3779_,8.78µm
_4081_,8.78µm
_1866_,8.76µm
_0309_,8.74µm
_1150_,8.74µm
_1286_,8.74µm
_2303_,8.74µm
_3142_,8.74µm
_3558_,8.74µm
_3747_,8.74µm
_1628_,8.73µm
_4009_,8.72µm
periodTop[6],8.72µm
vA[1],8.72µm
vC[1],8.72µm
vC[3],8.72µm
vC[4],8.72µm
vC[7],8.72µm
vC[8],8.72µm
_0906_,8.7µm
_1936_,8.7µm
_2001_,8.7µm
_2206_,8.7µm
_2389_,8.7µm
_2768_,8.7µm
_2831_,8.7µm
_2898_,8.7µm
_2904_,8.7µm
_3825_,8.7µm
net356,8.7µm
net403,8.7µm
vB[13],8.69µm
_0428_,8.68µm
_1040_,8.68µm
_3270_,8.68µm
_0822_,8.66µm
_0914_,8.66µm
_1001_,8.66µm
_1156_,8.66µm
_1359_,8.66µm
_1377_,8.66µm
_1619_,8.66µm
_1714_,8.66µm
_2467_,8.65µm
_1843_,8.64µm
_2561_,8.64µm
_3648_,8.63µm
_0963_,8.62µm
_0999_,8.62µm
_1392_,8.62µm
_1098_,8.6µm
_1357_,8.6µm
_2560_,8.6µm
_2991_,8.6µm
_3313_,8.6µm
_3708_,8.6µm
_3893_,8.6µm
_3930_,8.6µm
_4076_,8.6µm
_0694_,8.585µm
_0829_,8.58µm
_0854_,8.58µm
_1216_,8.58µm
_1313_,8.58µm
_1532_,8.58µm
_1722_,8.58µm
_1812_,8.58µm
_1924_,8.58µm
_2496_,8.58µm
_2500_,8.58µm
_3184_,8.58µm
_3235_,8.58µm
_3386_,8.58µm
_3454_,8.58µm
_3497_,8.58µm
_3906_,8.58µm
delta\[15\],8.58µm
_3478_,8.575µm
_1498_,8.57µm
_1477_,8.56µm
_1900_,8.56µm
_2666_,8.56µm
_3153_,8.56µm
net374,8.56µm
_2189_,8.55µm
_0109_,8.54µm
_0245_,8.54µm
_1394_,8.54µm
_3131_,8.54µm
_3471_,8.53µm
_0624_,8.52µm
_0958_,8.52µm
_1475_,8.52µm
_2100_,8.52µm
_2718_,8.52µm
_2889_,8.52µm
_2989_,8.52µm
_3004_,8.52µm
_3197_,8.52µm
_3325_,8.52µm
_3606_,8.52µm
_0222_,8.5µm
_0451_,8.5µm
_1234_,8.5µm
_1312_,8.5µm
_1876_,8.5µm
_3512_,8.495µm
_3498_,8.49µm
_0318_,8.48µm
_0554_,8.48µm
_0981_,8.48µm
_1118_,8.48µm
_1212_,8.48µm
_3927_,8.48µm
_4157_,8.48µm
_2583_,8.47µm
_2061_,8.465µm
_0160_,8.46µm
_0779_,8.46µm
_1058_,8.46µm
_1084_,8.46µm
_1515_,8.46µm
_1560_,8.46µm
_2291_,8.46µm
_3447_,8.46µm
_4176_,8.46µm
_0216_,8.44µm
_1016_,8.44µm
_1097_,8.44µm
_1148_,8.44µm
_1432_,8.44µm
_2280_,8.44µm
_3314_,8.44µm
_3682_,8.44µm
net379,8.44µm
_1110_,8.43µm
_2879_,8.42µm
_3442_,8.42µm
_3794_,8.42µm
_0821_,8.4µm
_2241_,8.4µm
_2962_,8.4µm
_3209_,8.4µm
periodTop[1],8.39µm
_1027_,8.38µm
_1297_,8.38µm
_2949_,8.38µm
_0334_,8.36µm
_0339_,8.36µm
_0934_,8.36µm
_1265_,8.36µm
_1333_,8.36µm
_1438_,8.36µm
_1519_,8.36µm
_1874_,8.36µm
_4153_,8.36µm
net358,8.36µm
vB[12],8.35µm
_0509_,8.34µm
_2138_,8.34µm
_3125_,8.34µm
_3231_,8.34µm
_4143_,8.34µm
_4175_,8.34µm
_3525_,8.325µm
_0128_,8.32µm
_1378_,8.32µm
_2446_,8.32µm
_2466_,8.32µm
_2634_,8.32µm
_3093_,8.32µm
_3126_,8.32µm
_3438_,8.32µm
_3849_,8.32µm
_3904_,8.32µm
_3362_,8.315µm
_3396_,8.3µm
_0208_,8.28µm
_0233_,8.28µm
_1214_,8.28µm
_3408_,8.28µm
_2132_,8.275µm
_0132_,8.26µm
_0540_,8.26µm
_1231_,8.26µm
_1550_,8.26µm
_1103_,8.24µm
_1414_,8.24µm
_1493_,8.24µm
_1552_,8.24µm
_1740_,8.24µm
_2179_,8.24µm
_2338_,8.24µm
_2591_,8.24µm
_4184_,8.24µm
_0067_,8.22µm
_0848_,8.22µm
_3534_,8.22µm
_3538_,8.22µm
_3814_,8.22µm
_3954_,8.22µm
_2140_,8.21µm
_0843_,8.2µm
_2266_,8.2µm
_2290_,8.2µm
_3217_,8.2µm
_3621_,8.2µm
_3791_,8.2µm
_0587_,8.18µm
_1556_,8.18µm
_2875_,8.18µm
_4086_,8.17µm
_0786_,8.16µm
_0976_,8.16µm
_1543_,8.16µm
_3753_,8.16µm
_0279_,8.14µm
_0673_,8.14µm
_2762_,8.14µm
_3489_,8.14µm
_0551_,8.12µm
_0859_,8.12µm
_0881_,8.12µm
_1273_,8.12µm
_1649_,8.12µm
_2430_,8.12µm
_3061_,8.12µm
_3882_,8.12µm
_2395_,8.1µm
_3244_,8.1µm
_3467_,8.1µm
_3596_,8.1µm
_1698_,8.08µm
_1751_,8.08µm
_3036_,8.08µm
_3620_,8.08µm
_4130_,8.08µm
_0371_,8.06µm
_1067_,8.06µm
_2037_,8.06µm
_3219_,8.06µm
_0152_,8.04µm
_0337_,8.04µm
_0625_,8.04µm
_0971_,8.04µm
_1683_,8.04µm
_4116_,8.04µm
_0982_,8.02µm
_1134_,8.02µm
_1271_,8.02µm
_1307_,8.02µm
_1650_,8.02µm
_1867_,8.02µm
_2019_,8.02µm
_2260_,8.02µm
_2281_,8.02µm
_2515_,8.02µm
_3120_,8.02µm
net376,8.02µm
net410,8.02µm
_0508_,8µm
_0915_,8µm
_1451_,8µm
_1616_,8µm
_3085_,8µm
_3100_,8µm
_3502_,8µm
_4043_,8µm
_4056_,8µm
_2107_,7.98µm
_2730_,7.98µm
_2881_,7.98µm
_3252_,7.98µm
_3344_,7.98µm
_3405_,7.98µm
_3907_,7.98µm
_3980_,7.98µm
_4138_,7.98µm
net390,7.98µm
_3288_,7.96µm
_0267_,7.94µm
_0646_,7.94µm
_1354_,7.92µm
_4068_,7.92µm
_0273_,7.9µm
_0781_,7.9µm
_0835_,7.9µm
_2351_,7.9µm
_2661_,7.9µm
_2852_,7.9µm
_2870_,7.9µm
_3137_,7.9µm
_3177_,7.9µm
_0121_,7.88µm
_1916_,7.88µm
_2279_,7.88µm
_3540_,7.88µm
_3736_,7.88µm
_3983_,7.88µm
_4131_,7.88µm
_0191_,7.86µm
_0244_,7.86µm
_0329_,7.86µm
_1374_,7.86µm
_2349_,7.86µm
_3519_,7.86µm
_3544_,7.86µm
_4101_,7.86µm
_4102_,7.86µm
_3459_,7.855µm
_1727_,7.84µm
_1877_,7.84µm
_1845_,7.83µm
_2939_,7.83µm
_0824_,7.8µm
_1165_,7.79µm
_0093_,7.78µm
_0368_,7.78µm
_0942_,7.78µm
_1037_,7.78µm
_1325_,7.78µm
_1383_,7.78µm
_1389_,7.78µm
_1697_,7.78µm
_1889_,7.78µm
_1920_,7.78µm
_1934_,7.78µm
_1984_,7.78µm
_2029_,7.78µm
_2053_,7.78µm
_2248_,7.78µm
_2319_,7.78µm
_2472_,7.78µm
_2783_,7.78µm
_2786_,7.78µm
_3523_,7.78µm
_0078_,7.76µm
_0614_,7.74µm
_0709_,7.74µm
_1351_,7.74µm
_1489_,7.74µm
_1994_,7.74µm
_2267_,7.74µm
_2390_,7.74µm
_2638_,7.74µm
_2760_,7.74µm
_0188_,7.72µm
_0192_,7.7µm
_1828_,7.7µm
_3726_,7.7µm
_2022_,7.68µm
_0891_,7.66µm
_0986_,7.66µm
_1809_,7.66µm
_1966_,7.66µm
_1981_,7.66µm
_2218_,7.66µm
_2726_,7.66µm
_4033_,7.66µm
_0215_,7.64µm
_0936_,7.64µm
_1246_,7.64µm
_1720_,7.64µm
_1773_,7.64µm
_1979_,7.64µm
_2012_,7.64µm
_2442_,7.64µm
_2981_,7.64µm
_3530_,7.64µm
_3323_,7.63µm
_1358_,7.62µm
_1745_,7.62µm
_2340_,7.62µm
_2463_,7.62µm
_0583_,7.6µm
_0718_,7.6µm
_1445_,7.6µm
_1749_,7.6µm
_3202_,7.6µm
_3792_,7.6µm
_2146_,7.58µm
_2271_,7.58µm
_3008_,7.58µm
_3011_,7.58µm
_0340_,7.56µm
_0351_,7.56µm
_0613_,7.56µm
_1599_,7.56µm
_1747_,7.56µm
_2819_,7.56µm
_1280_,7.555µm
_3722_,7.555µm
_0431_,7.54µm
_0629_,7.54µm
_1073_,7.54µm
_1639_,7.54µm
_1676_,7.54µm
_2273_,7.54µm
_2799_,7.54µm
_0190_,7.52µm
_0393_,7.52µm
_0407_,7.52µm
_0658_,7.52µm
_0814_,7.52µm
_1511_,7.52µm
_2018_,7.52µm
_2403_,7.52µm
_2485_,7.52µm
_2814_,7.52µm
_3074_,7.52µm
_3216_,7.52µm
_3308_,7.52µm
_2404_,7.5µm
_2427_,7.5µm
_2527_,7.5µm
_3056_,7.5µm
_3570_,7.5µm
_2035_,7.48µm
_0825_,7.46µm
_3915_,7.46µm
_4000_,7.46µm
_0743_,7.455µm
_0426_,7.44µm
_1117_,7.44µm
_1120_,7.44µm
_1584_,7.44µm
_1970_,7.44µm
_2347_,7.44µm
_2380_,7.44µm
_2724_,7.44µm
_2929_,7.44µm
_3663_,7.44µm
_3836_,7.44µm
_0342_,7.42µm
_1782_,7.42µm
_1673_,7.4µm
_2841_,7.4µm
_3603_,7.4µm
_3767_,7.36µm
net415,7.36µm
_0461_,7.34µm
_1935_,7.34µm
_3500_,7.34µm
_4178_,7.34µm
_1355_,7.335µm
_1652_,7.33µm
_1484_,7.32µm
_1516_,7.32µm
_1653_,7.32µm
_1661_,7.32µm
_1744_,7.32µm
_1813_,7.32µm
_1926_,7.32µm
_2255_,7.32µm
_2269_,7.32µm
_2614_,7.32µm
_2631_,7.32µm
_2731_,7.32µm
_2992_,7.32µm
_3628_,7.32µm
_4013_,7.32µm
_1596_,7.3µm
_1758_,7.3µm
_2180_,7.3µm
_1344_,7.28µm
_3005_,7.28µm
_3295_,7.28µm
_3718_,7.28µm
_3816_,7.28µm
_4078_,7.28µm
_3610_,7.26µm
_0002_,7.24µm
_0011_,7.24µm
_0788_,7.24µm
_0826_,7.24µm
_2304_,7.24µm
_0243_,7.22µm
_2685_,7.22µm
_2887_,7.22µm
_3414_,7.22µm
_3701_,7.22µm
_4194_,7.22µm
net413,7.22µm
_2562_,7.21µm
_0154_,7.2µm
_0512_,7.2µm
_0760_,7.2µm
_1381_,7.2µm
_1888_,7.2µm
_2136_,7.2µm
_2407_,7.2µm
_2419_,7.2µm
_2421_,7.2µm
_2640_,7.2µm
_2699_,7.2µm
_3016_,7.2µm
_3334_,7.2µm
_0353_,7.18µm
_0381_,7.18µm
_0966_,7.18µm
_1338_,7.18µm
_1454_,7.18µm
_1677_,7.18µm
_2543_,7.18µm
net397,7.18µm
_0100_,7.16µm
_0429_,7.14µm
_0445_,7.14µm
_2355_,7.14µm
_2456_,7.14µm
_2559_,7.14µm
_3178_,7.14µm
net430,7.14µm
_0361_,7.12µm
_1029_,7.12µm
_1912_,7.12µm
_2098_,7.12µm
_2780_,7.12µm
_3577_,7.12µm
vB[6],7.11µm
_0861_,7.1µm
_1112_,7.1µm
_1196_,7.1µm
_1331_,7.1µm
_1363_,7.1µm
_1835_,7.1µm
_2010_,7.1µm
_2045_,7.1µm
_3132_,7.1µm
_3347_,7.1µm
_3777_,7.1µm
_4155_,7.1µm
net405,7.1µm
_0845_,7.08µm
_1450_,7.08µm
_1461_,7.08µm
_1910_,7.08µm
_2524_,7.08µm
_2645_,7.08µm
_3987_,7.08µm
_0097_,7.06µm
_0507_,7.06µm
_0682_,7.06µm
_2227_,7.06µm
_2447_,7.06µm
_3575_,7.06µm
_3625_,7.06µm
net375,7.06µm
_0444_,7µm
_0598_,7µm
_1206_,7µm
_2020_,7µm
_2748_,7µm
_3920_,7µm
_0689_,6.98µm
_0750_,6.98µm
_0901_,6.98µm
_1161_,6.98µm
_1266_,6.98µm
_1403_,6.98µm
_1562_,6.98µm
_2153_,6.98µm
_2247_,6.98µm
_2388_,6.98µm
_2416_,6.98µm
_2423_,6.98µm
_2519_,6.98µm
_3521_,6.98µm
_3522_,6.98µm
_3812_,6.98µm
_3388_,6.975µm
_0605_,6.96µm
_0968_,6.96µm
_2076_,6.96µm
_2251_,6.96µm
_2613_,6.96µm
_2971_,6.96µm
_2528_,6.955µm
_0382_,6.94µm
_0674_,6.94µm
_1079_,6.94µm
_1527_,6.94µm
_2457_,6.94µm
_2668_,6.94µm
_2746_,6.94µm
_2872_,6.94µm
_2909_,6.94µm
_3404_,6.94µm
_1736_,6.92µm
net414,6.9µm
_4008_,6.88µm
_0556_,6.86µm
_0994_,6.86µm
_1400_,6.86µm
_1500_,6.86µm
_2006_,6.86µm
_2177_,6.86µm
_2394_,6.86µm
_2637_,6.86µm
_3080_,6.86µm
_3647_,6.86µm
_3957_,6.86µm
_3961_,6.86µm
_0929_,6.84µm
_3286_,6.83µm
_0179_,6.82µm
_0291_,6.82µm
_0588_,6.82µm
_0681_,6.82µm
_2137_,6.82µm
_2240_,6.82µm
_3602_,6.82µm
_4145_,6.82µm
_0846_,6.815µm
_1735_,6.81µm
_3649_,6.79µm
_2987_,6.78µm
net407,6.78µm
_1022_,6.775µm
vA[8],6.77µm
vA[9],6.77µm
vB[5],6.77µm
net350,6.76µm
_1217_,6.76µm
_2615_,6.76µm
_3861_,6.76µm
_1716_,6.75µm
_0218_,6.74µm
_0284_,6.74µm
_0791_,6.74µm
_1003_,6.74µm
_1459_,6.74µm
_1615_,6.74µm
_1952_,6.74µm
_2300_,6.74µm
_2339_,6.74µm
_2480_,6.74µm
_2855_,6.74µm
_2932_,6.74µm
_3075_,6.74µm
_3510_,6.74µm
_3697_,6.74µm
_3772_,6.74µm
_4149_,6.74µm
_0667_,6.72µm
_1797_,6.72µm
_2397_,6.72µm
_3024_,6.72µm
_3601_,6.72µm
_3936_,6.72µm
_4167_,6.72µm
_4193_,6.72µm
_0529_,6.7µm
_1109_,6.7µm
_1586_,6.7µm
_2451_,6.695µm
_0497_,6.66µm
_0530_,6.66µm
_1863_,6.66µm
_2350_,6.66µm
_3966_,6.66µm
_0068_,6.64µm
_0585_,6.64µm
_1775_,6.64µm
_1875_,6.64µm
_2233_,6.64µm
_2483_,6.64µm
_2882_,6.64µm
_2935_,6.64µm
_3431_,6.64µm
_3492_,6.64µm
_3531_,6.64µm
_3551_,6.64µm
_3579_,6.64µm
_3624_,6.64µm
_3946_,6.64µm
_0479_,6.62µm
_1039_,6.62µm
_1291_,6.62µm
_1948_,6.62µm
_1968_,6.62µm
_2261_,6.62µm
_3038_,6.62µm
_4069_,6.62µm
_4074_,6.62µm
_0227_,6.6µm
_0558_,6.6µm
_1505_,6.6µm
_1838_,6.6µm
_2553_,6.6µm
_3182_,6.6µm
_3324_,6.6µm
_3912_,6.6µm
_1372_,6.58µm
_1675_,6.57µm
_2556_,6.57µm
_0521_,6.54µm
_1278_,6.54µm
_2657_,6.54µm
_3265_,6.54µm
_3383_,6.54µm
_0004_,6.52µm
_0701_,6.52µm
_0844_,6.52µm
_1723_,6.52µm
_1881_,6.52µm
_2097_,6.52µm
_2293_,6.52µm
_2679_,6.52µm
_2926_,6.52µm
_3745_,6.52µm
_4107_,6.52µm
counter\[12\],6.52µm
_1886_,6.5µm
_2823_,6.5µm
_2977_,6.5µm
_3518_,6.5µm
_0305_,6.48µm
_0949_,6.48µm
_1226_,6.48µm
_2292_,6.48µm
_2674_,6.48µm
_3292_,6.48µm
_3738_,6.48µm
net404,6.44µm
_1630_,6.42µm
_3532_,6.42µm
_2322_,6.41µm
_0147_,6.4µm
_0733_,6.4µm
_1171_,6.4µm
_1353_,6.4µm
_2254_,6.4µm
_2571_,6.4µm
_2655_,6.4µm
_2771_,6.4µm
_3491_,6.4µm
_3583_,6.4µm
delta\[1\],6.4µm
_0807_,6.36µm
_0867_,6.36µm
_1898_,6.36µm
_2259_,6.36µm
_2616_,6.36µm
_2817_,6.36µm
_3229_,6.36µm
_0442_,6.32µm
_1295_,6.32µm
_2579_,6.32µm
_3054_,6.32µm
_3354_,6.32µm
net409,6.32µm
vB[3],6.31µm
_0278_,6.3µm
_0809_,6.3µm
_0856_,6.3µm
_1752_,6.3µm
_2658_,6.3µm
_2728_,6.3µm
_3394_,6.3µm
_3619_,6.3µm
_3990_,6.3µm
net422,6.3µm
_0900_,6.295µm
_0074_,6.28µm
_0266_,6.28µm
_0468_,6.28µm
_0595_,6.28µm
_0947_,6.28µm
_1343_,6.28µm
_1433_,6.28µm
_1634_,6.28µm
_2041_,6.28µm
_2452_,6.28µm
_2508_,6.28µm
_2557_,6.28µm
_2886_,6.28µm
_2978_,6.28µm
_3040_,6.28µm
_3725_,6.28µm
_3981_,6.28µm
_0336_,6.27µm
net331,6.26µm
_0122_,6.26µm
_0680_,6.26µm
_0903_,6.26µm
_1748_,6.26µm
_2231_,6.26µm
_2533_,6.26µm
_3626_,6.26µm
_3729_,6.26µm
_4072_,6.26µm
_3045_,6.24µm
_3505_,6.24µm
_0493_,6.22µm
_0653_,6.2µm
_1204_,6.2µm
_1891_,6.2µm
_2966_,6.2µm
_3174_,6.2µm
_3245_,6.2µm
_0090_,6.18µm
_0131_,6.18µm
_0712_,6.18µm
_2182_,6.18µm
_2714_,6.18µm
_2922_,6.18µm
_3162_,6.18µm
_3416_,6.18µm
_3483_,6.18µm
_3578_,6.18µm
_3775_,6.18µm
_4124_,6.18µm
_0491_,6.175µm
_1019_,6.16µm
_1361_,6.16µm
_1656_,6.16µm
_2074_,6.16µm
_0137_,6.14µm
_0377_,6.14µm
_1059_,6.14µm
_1080_,6.14µm
_1316_,6.14µm
_1478_,6.14µm
_2653_,6.14µm
_2721_,6.14µm
_2967_,6.14µm
_3564_,6.14µm
_3931_,6.14µm
_4055_,6.14µm
_4177_,6.14µm
_0251_,6.12µm
periodTop[9],6.09µm
vA[13],6.09µm
vA[3],6.09µm
vB[2],6.09µm
_0404_,6.08µm
_0719_,6.08µm
_1870_,6.08µm
_3020_,6.08µm
_3902_,6.08µm
_4062_,6.08µm
_0563_,6.06µm
_1601_,6.06µm
_1668_,6.06µm
_2772_,6.06µm
_2832_,6.06µm
_3634_,6.06µm
_3728_,6.06µm
_1462_,6.045µm
_1388_,6.04µm
_2420_,6.04µm
_2487_,6.04µm
_3470_,6.04µm
_3615_,6.04µm
_3819_,6.04µm
_1170_,6.02µm
_1270_,6.02µm
_1528_,6.02µm
_1531_,6.02µm
_1689_,6.02µm
_1998_,6.02µm
net369,6.02µm
_2854_,5.98µm
_2894_,5.98µm
_3581_,5.98µm
net417,5.98µm
_0659_,5.975µm
vA[6],5.97µm
vB[14],5.97µm
_0589_,5.96µm
_1187_,5.96µm
_1712_,5.96µm
_3199_,5.96µm
_3384_,5.96µm
_1055_,5.955µm
_0104_,5.94µm
_0538_,5.94µm
_0566_,5.94µm
_0698_,5.94µm
_1025_,5.94µm
_1146_,5.94µm
_1169_,5.94µm
_1287_,5.94µm
_1460_,5.94µm
_2003_,5.94µm
_2354_,5.94µm
_2432_,5.94µm
_2621_,5.94µm
_2626_,5.94µm
_2787_,5.94µm
_3110_,5.94µm
_3755_,5.94µm
_2763_,5.9µm
_1801_,5.87µm
_0065_,5.86µm
_0173_,5.86µm
_0869_,5.86µm
_1976_,5.86µm
_2145_,5.86µm
_2284_,5.86µm
_2358_,5.86µm
_2723_,5.86µm
_2825_,5.86µm
_3079_,5.86µm
_3422_,5.86µm
_3704_,5.86µm
_0005_,5.84µm
_0357_,5.84µm
_0599_,5.84µm
_0634_,5.84µm
_0918_,5.84µm
_1467_,5.84µm
_2331_,5.84µm
_2375_,5.84µm
_2525_,5.84µm
_2669_,5.84µm
_2839_,5.84µm
_2862_,5.84µm
_2970_,5.84µm
_3078_,5.84µm
_3155_,5.84µm
_3343_,5.84µm
_3355_,5.84µm
_3361_,5.84µm
_4137_,5.84µm
_0105_,5.82µm
_0478_,5.82µm
_0590_,5.82µm
_0679_,5.82µm
_1076_,5.82µm
_1135_,5.82µm
_1294_,5.82µm
_1346_,5.82µm
_1410_,5.82µm
_2172_,5.82µm
_2578_,5.82µm
_2584_,5.82µm
_2924_,5.82µm
_3299_,5.82µm
_3655_,5.82µm
_3748_,5.82µm
_3811_,5.82µm
_0183_,5.8µm
_0631_,5.8µm
_1070_,5.8µm
_2112_,5.8µm
_2178_,5.8µm
_2830_,5.8µm
_2988_,5.8µm
_3226_,5.8µm
_3423_,5.8µm
_3495_,5.8µm
_4025_,5.8µm
_4180_,5.8µm
net370,5.8µm
net431,5.8µm
_4171_,5.795µm
_0603_,5.79µm
_0138_,5.75µm
_3247_,5.75µm
_0471_,5.74µm
_0841_,5.74µm
_0987_,5.74µm
_1841_,5.74µm
_2063_,5.74µm
_2507_,5.74µm
_3072_,5.74µm
_3103_,5.74µm
_3296_,5.74µm
net17,5.74µm
_0127_,5.72µm
_0423_,5.72µm
_0678_,5.72µm
_0726_,5.72µm
_0780_,5.72µm
_1416_,5.72µm
_1635_,5.72µm
_1645_,5.72µm
_1785_,5.72µm
_1903_,5.72µm
_2346_,5.72µm
_2488_,5.72µm
_2565_,5.72µm
_2942_,5.72µm
_3170_,5.72µm
_3176_,5.72µm
_3250_,5.72µm
_3340_,5.72µm
_3503_,5.72µm
_0301_,5.7µm
_2211_,5.7µm
_2246_,5.7µm
_3342_,5.7µm
_3616_,5.7µm
net428,5.7µm
_0098_,5.68µm
_0108_,5.68µm
_0439_,5.68µm
_0668_,5.68µm
_0838_,5.68µm
_0851_,5.68µm
_0953_,5.68µm
_0989_,5.68µm
_1101_,5.68µm
_1149_,5.68µm
_1258_,5.68µm
_1422_,5.68µm
_1694_,5.68µm
_1883_,5.68µm
_2611_,5.68µm
_2955_,5.68µm
_3067_,5.68µm
_3117_,5.68µm
_3133_,5.68µm
_3392_,5.68µm
_3456_,5.68µm
_3526_,5.68µm
_3654_,5.68µm
net70,5.68µm
_0813_,5.675µm
_0514_,5.62µm
_0810_,5.62µm
_1448_,5.62µm
_3073_,5.62µm
_0194_,5.6µm
_0477_,5.6µm
_0720_,5.6µm
_0904_,5.6µm
_1279_,5.6µm
_1480_,5.6µm
_1523_,5.6µm
_1575_,5.6µm
_1911_,5.6µm
_1963_,5.6µm
_2195_,5.6µm
_3009_,5.6µm
_3721_,5.6µm
_3960_,5.58µm
_0141_,5.56µm
_0749_,5.56µm
_0802_,5.56µm
_3773_,5.56µm
_0211_,5.55µm
_0552_,5.525µm
_1083_,5.52µm
_3509_,5.52µm
_3771_,5.52µm
_0346_,5.48µm
_0372_,5.48µm
_0716_,5.48µm
_0763_,5.48µm
_0816_,5.48µm
_0882_,5.48µm
_0969_,5.48µm
_1180_,5.48µm
_1643_,5.48µm
_1659_,5.48µm
_1663_,5.48µm
_1805_,5.48µm
_2604_,5.48µm
_2623_,5.48µm
_3642_,5.48µm
_3933_,5.48µm
_4020_,5.48µm
_0166_,5.46µm
_0373_,5.46µm
_1106_,5.46µm
_2885_,5.46µm
_0777_,5.45µm
_2468_,5.44µm
periodTop[2],5.41µm
periodTop[7],5.41µm
vA[12],5.41µm
vA[5],5.41µm
vB[15],5.41µm
_0176_,5.4µm
_0255_,5.4µm
_0391_,5.4µm
_2288_,5.4µm
_3145_,5.4µm
_0457_,5.38µm
_0557_,5.38µm
_0570_,5.38µm
_0957_,5.38µm
_1774_,5.38µm
_2558_,5.38µm
_3160_,5.38µm
_3278_,5.38µm
_3699_,5.38µm
_3832_,5.38µm
_3969_,5.38µm
_4197_,5.38µm
_0053_,5.36µm
_0366_,5.36µm
_0523_,5.36µm
_0608_,5.36µm
_0623_,5.36µm
_2603_,5.36µm
_2692_,5.36µm
_2722_,5.36µm
_2995_,5.36µm
_3539_,5.36µm
_3935_,5.36µm
_4160_,5.36µm
_0008_,5.34µm
_0307_,5.34µm
_1061_,5.34µm
_1210_,5.34µm
_1437_,5.34µm
_1548_,5.34µm
_2232_,5.34µm
_2242_,5.34µm
_2703_,5.34µm
_2848_,5.34µm
_3163_,5.34µm
_3300_,5.34µm
_3985_,5.34µm
net425,5.34µm
_3351_,5.29µm
_0873_,5.28µm
_1525_,5.28µm
_2026_,5.28µm
_3262_,5.28µm
_3430_,5.28µm
_3460_,5.28µm
_0483_,5.27µm
_0311_,5.26µm
_0330_,5.26µm
_0475_,5.26µm
_0560_,5.26µm
_0591_,5.26µm
_0797_,5.26µm
_0997_,5.26µm
_1249_,5.26µm
_1594_,5.26µm
_2173_,5.26µm
_2236_,5.26µm
_2309_,5.26µm
_2503_,5.26µm
_2835_,5.26µm
_3418_,5.26µm
_3784_,5.26µm
_3805_,5.26µm
_3817_,5.26µm
_3984_,5.26µm
_0274_,5.24µm
_1081_,5.24µm
_3390_,5.24µm
_3586_,5.24µm
_3609_,5.24µm
_4042_,5.24µm
_4115_,5.235µm
_0236_,5.22µm
_0237_,5.22µm
_0344_,5.22µm
_0565_,5.22µm
_0696_,5.22µm
_1035_,5.22µm
_1589_,5.22µm
_2424_,5.22µm
_2639_,5.22µm
_3003_,5.22µm
_3037_,5.22µm
_3052_,5.22µm
_0009_,5.16µm
_0793_,5.16µm
_1085_,5.16µm
_2753_,5.15µm
_0611_,5.14µm
_1529_,5.14µm
_2200_,5.14µm
_2219_,5.14µm
_2580_,5.14µm
_2619_,5.14µm
_2727_,5.14µm
_3022_,5.14µm
_3069_,5.14µm
_3234_,5.14µm
_3445_,5.14µm
_3457_,5.14µm
_3485_,5.14µm
_4032_,5.14µm
_0115_,5.12µm
_0943_,5.12µm
_2821_,5.12µm
_3220_,5.12µm
net429,5.12µm
_1572_,5.1µm
_4201_,5.1µm
_0819_,5.06µm
_1604_,5.06µm
_2739_,5.06µm
_4071_,5.06µm
_4123_,5.06µm
_1699_,5.04µm
_3151_,5.04µm
_3188_,5.04µm
_0014_,5.02µm
_0133_,5.02µm
_0270_,5.02µm
_0295_,5.02µm
_1105_,5.02µm
_1672_,5.02µm
_1750_,5.02µm
_1757_,5.02µm
_1784_,5.02µm
_1931_,5.02µm
_2051_,5.02µm
_2237_,5.02µm
_3118_,5.02µm
_0163_,5µm
_1786_,5µm
_2054_,5µm
_2683_,5µm
net34,5µm
_2194_,4.96µm
periodTop[8],4.95µm
_0010_,4.94µm
_0612_,4.94µm
_1223_,4.94µm
_1413_,4.94µm
_1488_,4.94µm
_1975_,4.94µm
_2857_,4.94µm
_2915_,4.94µm
_2986_,4.94µm
_3018_,4.94µm
_3409_,4.94µm
_3417_,4.94µm
_3631_,4.94µm
_3937_,4.94µm
_4040_,4.94µm
_4129_,4.94µm
net427,4.94µm
net337,4.92µm
_0059_,4.92µm
_0117_,4.92µm
_0212_,4.92µm
_1087_,4.92µm
_1239_,4.92µm
_2325_,4.92µm
_3214_,4.92µm
_3881_,4.92µm
net368,4.92µm
_0118_,4.9µm
_1654_,4.9µm
_2365_,4.9µm
_2459_,4.9µm
_3268_,4.9µm
_3345_,4.9µm
_2249_,4.895µm
_0226_,4.88µm
_0417_,4.88µm
_0850_,4.88µm
_1096_,4.88µm
_1504_,4.88µm
_1581_,4.88µm
_1647_,4.88µm
_1778_,4.88µm
_1787_,4.88µm
_2175_,4.88µm
_2302_,4.88µm
_2372_,4.88µm
_2377_,4.88µm
_2445_,4.88µm
_2933_,4.88µm
_3060_,4.88µm
_3921_,4.88µm
_4154_,4.88µm
_4200_,4.88µm
_0206_,4.87µm
_3916_,4.84µm
_0764_,4.82µm
_1209_,4.82µm
_1233_,4.82µm
_2521_,4.82µm
_2984_,4.82µm
_3559_,4.82µm
_4089_,4.82µm
_0063_,4.8µm
_0103_,4.8µm
_0395_,4.8µm
_0410_,4.8µm
_0671_,4.8µm
_0952_,4.8µm
_0995_,4.8µm
_1243_,4.8µm
_1514_,4.8µm
_1553_,4.8µm
_1669_,4.8µm
_1741_,4.8µm
_2027_,4.8µm
_2114_,4.8µm
_2212_,4.8µm
_2747_,4.8µm
_2836_,4.8µm
_2858_,4.8µm
_2908_,4.8µm
_3068_,4.8µm
_3382_,4.8µm
_3403_,4.8µm
_3407_,4.8µm
_3443_,4.8µm
_3444_,4.8µm
_3455_,4.8µm
_3744_,4.8µm
_3900_,4.8µm
_3991_,4.8µm
net354,4.8µm
net388,4.8µm
_3611_,4.795µm
_1314_,4.78µm
_3520_,4.78µm
_4142_,4.78µm
_2545_,4.775µm
_2945_,4.775µm
_1762_,4.76µm
_1825_,4.76µm
_2220_,4.76µm
_2396_,4.76µm
_2675_,4.76µm
_2828_,4.76µm
_2873_,4.76µm
_3770_,4.76µm
net366,4.76µm
_2313_,4.73µm
_2379_,4.73µm
periodTop[10],4.73µm
vA[7],4.73µm
_1633_,4.72µm
_2897_,4.72µm
_2453_,4.71µm
_2811_,4.7µm
_3139_,4.7µm
_3709_,4.7µm
_0050_,4.68µm
_0239_,4.68µm
_0327_,4.68µm
_1183_,4.68µm
_1842_,4.68µm
_2193_,4.68µm
_2401_,4.68µm
_2412_,4.68µm
_2493_,4.68µm
_2551_,4.68µm
_2677_,4.68µm
_3453_,4.68µm
_3630_,4.68µm
_3813_,4.68µm
_3838_,4.68µm
_4051_,4.68µm
_3341_,4.66µm
_2299_,4.61µm
vA[10],4.61µm
vA[2],4.61µm
vB[8],4.61µm
_0434_,4.6µm
_3353_,4.6µm
_4016_,4.6µm
net411,4.6µm
net412,4.6µm
net416,4.6µm
_0908_,4.58µm
_3926_,4.575µm
_0158_,4.56µm
_0310_,4.56µm
_0313_,4.56µm
_0354_,4.56µm
_1151_,4.56µm
_1574_,4.56µm
_1857_,4.56µm
_2353_,4.56µm
_2670_,4.56µm
_3801_,4.56µm
_4112_,4.56µm
_4119_,4.56µm
_3221_,4.54µm
_3271_,4.54µm
net349,4.48µm
_0091_,4.48µm
_0315_,4.48µm
_0531_,4.48µm
_0738_,4.48µm
_1068_,4.48µm
_1164_,4.48µm
_1969_,4.48µm
_2069_,4.48µm
_3189_,4.48µm
_3494_,4.48µm
_3557_,4.48µm
_0096_,4.46µm
_0136_,4.46µm
_0607_,4.46µm
_0818_,4.46µm
_1203_,4.46µm
_1269_,4.46µm
_1688_,4.46µm
_1909_,4.46µm
_2440_,4.46µm
_2554_,4.46µm
_2919_,4.46µm
_3372_,4.46µm
_3432_,4.46µm
_3607_,4.46µm
_3859_,4.46µm
_3942_,4.46µm
_4030_,4.46µm
net359,4.46µm
_1329_,4.44µm
_1367_,4.44µm
_2282_,4.44µm
_2963_,4.44µm
_3298_,4.44µm
_3365_,4.44µm
_4199_,4.44µm
_0241_,4.42µm
_0272_,4.42µm
_0652_,4.42µm
_1885_,4.42µm
_2117_,4.42µm
_2123_,4.42µm
_2311_,4.42µm
_3516_,4.42µm
_3681_,4.42µm
_3855_,4.42µm
_3872_,4.42µm
_4050_,4.42µm
_3687_,4.39µm
vA[11],4.39µm
vC[5],4.39µm
_0626_,4.36µm
_0642_,4.36µm
_1092_,4.36µm
_2144_,4.36µm
_2333_,4.36µm
_2943_,4.36µm
_3241_,4.36µm
_3327_,4.36µm
net389,4.36µm
_0015_,4.34µm
_0459_,4.34µm
_0996_,4.34µm
_1213_,4.34µm
_1406_,4.34µm
_1925_,4.34µm
_2031_,4.34µm
_2058_,4.34µm
_2306_,4.34µm
_2547_,4.34µm
_2759_,4.34µm
_3007_,4.34µm
_3317_,4.34µm
_3963_,4.34µm
_4010_,4.34µm
_4080_,4.34µm
_4103_,4.34µm
_4120_,4.34µm
net367,4.34µm
net383,4.34µm
_3533_,4.32µm
_2912_,4.3µm
vA[15],4.27µm
_0347_,4.24µm
_2845_,4.24µm
_3206_,4.24µm
_0438_,4.22µm
_0510_,4.22µm
_0787_,4.22µm
_1252_,4.22µm
_1502_,4.22µm
_1796_,4.22µm
_2156_,4.22µm
_2437_,4.22µm
_2934_,4.22µm
_3254_,4.22µm
_3695_,4.22µm
_1272_,4.2µm
_1304_,4.2µm
_2142_,4.2µm
_3237_,4.2µm
_3989_,4.2µm
_1803_,4.17µm
_2505_,4.14µm
_3875_,4.14µm
_2708_,4.135µm
_2641_,4.13µm
_0871_,4.12µm
_2937_,4.12µm
_3130_,4.12µm
_4110_,4.12µm
_0956_,4.1µm
_2021_,4.1µm
_2431_,4.1µm
_2531_,4.1µm
_2798_,4.1µm
_2890_,4.1µm
_3336_,4.1µm
_1163_,4.08µm
_0012_,4.02µm
_1034_,4.02µm
_1710_,4.02µm
_2382_,4.02µm
_2865_,4.02µm
_2951_,4.02µm
_2996_,4.02µm
_3865_,4.02µm
_4133_,4.02µm
net345,4µm
_0402_,4µm
_0424_,4µm
_0513_,4µm
_0615_,4µm
_0722_,4µm
_0773_,4µm
_1077_,4µm
_1474_,4µm
_1501_,4µm
_1555_,4µm
_1790_,4µm
_2071_,4µm
_2517_,4µm
_2608_,4µm
_2704_,4µm
_2750_,4µm
_2770_,4µm
_3803_,4µm
_3837_,4µm
_4036_,4µm
net381,4µm
net392,4µm
_0536_,3.99µm
_2602_,3.98µm
_2931_,3.98µm
_0628_,3.95µm
vA[4],3.93µm
_1250_,3.9µm
_1591_,3.9µm
_2289_,3.9µm
_2546_,3.9µm
_3147_,3.9µm
_3412_,3.9µm
_3888_,3.9µm
_3956_,3.9µm
_4063_,3.9µm
_0168_,3.88µm
_0352_,3.88µm
_0656_,3.88µm
_1141_,3.88µm
_1300_,3.88µm
_1582_,3.88µm
_1892_,3.88µm
_2056_,3.88µm
_2120_,3.88µm
_2689_,3.88µm
_2761_,3.88µm
_2906_,3.88µm
_2944_,3.88µm
_2997_,3.88µm
_3026_,3.88µm
_3101_,3.88µm
_3316_,3.88µm
_3401_,3.88µm
_3406_,3.88µm
_3565_,3.88µm
_4019_,3.88µm
_4100_,3.88µm
_4114_,3.88µm
_1298_,3.86µm
_2822_,3.86µm
_1846_,3.78µm
_2758_,3.78µm
_0411_,3.76µm
_0574_,3.76µm
_1263_,3.76µm
_1463_,3.76µm
_1670_,3.76µm
_1738_,3.76µm
_2048_,3.76µm
_2707_,3.76µm
_2729_,3.76µm
_3233_,3.76µm
_3524_,3.76µm
_1345_,3.74µm
_1918_,3.74µm
_1197_,3.68µm
_1429_,3.68µm
_1798_,3.68µm
_3140_,3.68µm
_0650_,3.66µm
_1275_,3.66µm
_2863_,3.66µm
_3114_,3.66µm
_0049_,3.64µm
_0052_,3.64µm
_1565_,3.64µm
_2262_,3.64µm
_2596_,3.64µm
_3062_,3.64µm
_3090_,3.64µm
_3212_,3.64µm
_3304_,3.64µm
_3996_,3.64µm
_0345_,3.56µm
_1099_,3.56µm
_1133_,3.56µm
_1598_,3.56µm
_1730_,3.56µm
_2096_,3.56µm
_2477_,3.56µm
_2691_,3.56µm
_3482_,3.56µm
_3846_,3.56µm
_4028_,3.56µm
_0007_,3.54µm
net352,3.54µm
net353,3.54µm
_0297_,3.54µm
_0489_,3.54µm
_0601_,3.54µm
_0660_,3.54µm
_0708_,3.54µm
_0946_,3.54µm
_1395_,3.54µm
_1621_,3.54µm
_1793_,3.54µm
_1839_,3.54µm
_1942_,3.54µm
_2072_,3.54µm
_2174_,3.54µm
_2209_,3.54µm
_2312_,3.54µm
_2320_,3.54µm
_2415_,3.54µm
_2605_,3.54µm
_2793_,3.54µm
_2826_,3.54µm
_2953_,3.54µm
_3183_,3.54µm
_3239_,3.54µm
_3380_,3.54µm
_3435_,3.54µm
_3563_,3.54µm
_3635_,3.54µm
_4079_,3.54µm
net395,3.54µm
_1779_,3.535µm
_0705_,3.52µm
_1788_,3.52µm
_3138_,3.52µm
_0627_,3.44µm
_0762_,3.44µm
_2566_,3.44µm
_3168_,3.44µm
_3274_,3.44µm
_0185_,3.42µm
_0322_,3.42µm
_0421_,3.42µm
_0511_,3.42µm
_0697_,3.42µm
_0849_,3.42µm
_0879_,3.42µm
_1056_,3.42µm
_1407_,3.42µm
_1447_,3.42µm
_1980_,3.42µm
_1995_,3.42µm
_2009_,3.42µm
_2078_,3.42µm
_2113_,3.42µm
_2158_,3.42µm
_2492_,3.42µm
_2625_,3.42µm
_2695_,3.42µm
_2785_,3.42µm
_2901_,3.42µm
_3057_,3.42µm
_3205_,3.42µm
_3387_,3.42µm
_3962_,3.42µm
_4065_,3.42µm
net396,3.42µm
_0110_,3.4µm
_1075_,3.4µm
_0165_,3.32µm
_0899_,3.32µm
_2116_,3.32µm
_2170_,3.315µm
_0220_,3.3µm
_0503_,3.3µm
_0920_,3.3µm
_1057_,3.3µm
_2498_,3.3µm
_3335_,3.3µm
_3730_,3.3µm
_0232_,3.22µm
_1261_,3.22µm
_1305_,3.22µm
_2047_,3.22µm
_2183_,3.22µm
_2434_,3.22µm
_2765_,3.22µm
net377,3.22µm
_0056_,3.2µm
_0396_,3.2µm
_2789_,3.2µm
_4134_,3.2µm
_0795_,3.18µm
_0877_,3.18µm
_1115_,3.18µm
_1919_,3.18µm
_2228_,3.18µm
_0965_,3.16µm
_0013_,3.1µm
_0123_,3.1µm
_0164_,3.1µm
_0248_,3.1µm
_0253_,3.1µm
_0465_,3.1µm
_0736_,3.1µm
_0740_,3.1µm
_0937_,3.1µm
_0975_,3.1µm
_0983_,3.1µm
_1310_,3.1µm
_1318_,3.1µm
_1380_,3.1µm
_1765_,3.1µm
_1956_,3.1µm
_1958_,3.1µm
_2064_,3.1µm
_2188_,3.1µm
_2837_,3.1µm
_2918_,3.1µm
_2961_,3.1µm
_2985_,3.1µm
_3488_,3.1µm
_3998_,3.1µm
net326,3.08µm
net332,3.08µm
_0071_,3.08µm
_0144_,3.08µm
_0181_,3.08µm
_0578_,3.08µm
_1136_,3.08µm
_1225_,3.08µm
_1251_,3.08µm
_1320_,3.08µm
_1362_,3.08µm
_1485_,3.08µm
_1508_,3.08µm
_1648_,3.08µm
_1705_,3.08µm
_1862_,3.08µm
_1865_,3.08µm
_1913_,3.08µm
_1921_,3.08µm
_1939_,3.08µm
_2016_,3.08µm
_2109_,3.08µm
_2164_,3.08µm
_2296_,3.08µm
_2572_,3.08µm
_2769_,3.08µm
_3013_,3.08µm
_3053_,3.08µm
_3092_,3.08µm
_3227_,3.08µm
_3290_,3.08µm
_3640_,3.08µm
_3734_,3.08µm
_3955_,3.08µm
net401,3.08µm
_0112_,3.06µm
_1155_,3.06µm
_3529_,3.06µm
_0120_,2.98µm
_0286_,2.98µm
_2345_,2.98µm
_2564_,2.98µm
_2796_,2.98µm
_2964_,2.98µm
net357,2.98µm
net339,2.96µm
net340,2.96µm
net347,2.96µm
_0259_,2.96µm
_0271_,2.96µm
_0912_,2.96µm
_0984_,2.96µm
_1125_,2.96µm
_1144_,2.96µm
_1159_,2.96µm
_1260_,2.96µm
_1627_,2.96µm
_1662_,2.96µm
_1737_,2.96µm
_1743_,2.96µm
_1830_,2.96µm
_1880_,2.96µm
_2086_,2.96µm
_2090_,2.96µm
_2276_,2.96µm
_2719_,2.96µm
_2842_,2.96µm
_2843_,2.96µm
_3083_,2.96µm
_3310_,2.96µm
_3452_,2.96µm
_3487_,2.96µm
_3617_,2.96µm
_3665_,2.96µm
_3820_,2.96µm
_3922_,2.96µm
_4172_,2.96µm
_4181_,2.96µm
_1386_,2.86µm
_2088_,2.86µm
_2101_,2.86µm
_2499_,2.86µm
_2864_,2.86µm
_3048_,2.86µm
_3123_,2.86µm
_3175_,2.86µm
_0609_,2.84µm
_1655_,2.84µm
_0960_,2.76µm
_1093_,2.76µm
_1336_,2.76µm
_1444_,2.76µm
_1904_,2.76µm
_2050_,2.76µm
_2214_,2.76µm
_2529_,2.76µm
_2976_,2.76µm
_2121_,2.74µm
_3127_,2.74µm
_4162_,2.74µm
net423,2.72µm
_1836_,2.71µm
_1086_,2.655µm
_0055_,2.64µm
_0062_,2.64µm
_0069_,2.64µm
_0094_,2.64µm
_0182_,2.64µm
_0231_,2.64µm
_1130_,2.64µm
_1520_,2.64µm
_1636_,2.64µm
_2294_,2.64µm
_3096_,2.64µm
_3493_,2.64µm
_3749_,2.64µm
_3850_,2.64µm
_4132_,2.64µm
_0000_,2.62µm
net323,2.62µm
net324,2.62µm
net328,2.62µm
net334,2.62µm
net335,2.62µm
net336,2.62µm
net338,2.62µm
net341,2.62µm
net343,2.62µm
net344,2.62µm
net346,2.62µm
net348,2.62µm
net351,2.62µm
_0087_,2.62µm
_0151_,2.62µm
_0157_,2.62µm
_0494_,2.62µm
_0633_,2.62µm
_0766_,2.62µm
_0833_,2.62µm
_0954_,2.62µm
_1017_,2.62µm
_1513_,2.62µm
_1521_,2.62µm
_1667_,2.62µm
_1671_,2.62µm
_1706_,2.62µm
_1719_,2.62µm
_1986_,2.62µm
_2414_,2.62µm
_2550_,2.62µm
_2555_,2.62µm
_3192_,2.62µm
_3458_,2.62µm
_3580_,2.62µm
_3589_,2.62µm
_3605_,2.62µm
_3637_,2.62µm
_3669_,2.62µm
_3948_,2.62µm
_4185_,2.62µm
_4195_,2.62µm
net364,2.62µm
_1190_,2.52µm
_1990_,2.52µm
_2497_,2.52µm
_2656_,2.52µm
_3134_,2.52µm
_3169_,2.52µm
_3679_,2.52µm
_4170_,2.52µm
_0249_,2.5µm
_0262_,2.5µm
_0306_,2.5µm
_0562_,2.5µm
_0596_,2.5µm
_0619_,2.5µm
_0704_,2.5µm
_0784_,2.5µm
_0831_,2.5µm
_0917_,2.5µm
_1021_,2.5µm
_1036_,2.5µm
_1122_,2.5µm
_1323_,2.5µm
_1328_,2.5µm
_1384_,2.5µm
_1393_,2.5µm
_1397_,2.5µm
_1696_,2.5µm
_1928_,2.5µm
_2005_,2.5µm
_2103_,2.5µm
_2151_,2.5µm
_2199_,2.5µm
_2250_,2.5µm
_2295_,2.5µm
_2370_,2.5µm
_2469_,2.5µm
_2539_,2.5µm
_2788_,2.5µm
_2884_,2.5µm
_3035_,2.5µm
_3094_,2.5µm
_3097_,2.5µm
_3148_,2.5µm
_3225_,2.5µm
_3289_,2.5µm
_3535_,2.5µm
_3536_,2.5µm
_3591_,2.5µm
_3613_,2.5µm
_3719_,2.5µm
_3778_,2.5µm
_3810_,2.5µm
_4047_,2.5µm
_4094_,2.5µm
net365,2.5µm
_0198_,2.41µm
_0086_,2.4µm
_0898_,2.4µm
_1071_,2.4µm
_1777_,2.4µm
_1299_,2.38µm
_2766_,2.355µm
_0058_,2.305µm
_0003_,2.3µm
_0265_,2.3µm
_0328_,2.3µm
_0759_,2.3µm
_0834_,2.3µm
_1436_,2.3µm
_1690_,2.3µm
_1702_,2.3µm
_1982_,2.3µm
_2597_,2.3µm
_2866_,2.3µm
_3853_,2.3µm
_4059_,2.3µm
_4146_,2.3µm
_0054_,2.28µm
_0057_,2.28µm
_0061_,2.28µm
_2671_,2.28µm
_3281_,2.28µm
_3560_,2.28µm
_0006_,2.18µm
_0051_,2.18µm
_0171_,2.18µm
_0175_,2.18µm
_0362_,2.18µm
_0683_,2.18µm
_0820_,2.18µm
_0945_,2.18µm
_1174_,2.18µm
_1456_,2.18µm
_1551_,2.18µm
_1579_,2.18µm
_1864_,2.18µm
_1930_,2.18µm
_2408_,2.18µm
_2947_,2.18µm
_3043_,2.18µm
_3046_,2.18µm
_3076_,2.18µm
_3109_,2.18µm
_3119_,2.18µm
_3129_,2.18µm
_3925_,2.18µm
_4174_,2.18µm
_0060_,2.16µm
_0180_,2.16µm
_0187_,2.16µm
_0292_,2.16µm
_0408_,2.16µm
_0486_,2.16µm
_0638_,2.16µm
_0676_,2.16µm
_0752_,2.16µm
_0866_,2.16µm
_0890_,2.16µm
_0894_,2.16µm
_0910_,2.16µm
_0978_,2.16µm
_1047_,2.16µm
_1175_,2.16µm
_1289_,2.16µm
_1302_,2.16µm
_1512_,2.16µm
_1537_,2.16µm
_1566_,2.16µm
_1724_,2.16µm
_1823_,2.16µm
_1853_,2.16µm
_1856_,2.16µm
_2059_,2.16µm
_2208_,2.16µm
_2275_,2.16µm
_2336_,2.16µm
_2450_,2.16µm
_2464_,2.16µm
_2506_,2.16µm
_2574_,2.16µm
_2606_,2.16µm
_2632_,2.16µm
_2662_,2.16µm
_2735_,2.16µm
_2756_,2.16µm
_2920_,2.16µm
_3095_,2.16µm
_3104_,2.16µm
_3224_,2.16µm
_3259_,2.16µm
_3612_,2.16µm
_3653_,2.16µm
_3733_,2.16µm
_3802_,2.16µm
_3830_,2.16µm
_3842_,2.16µm
_3911_,2.16µm
_3994_,2.16µm
_4054_,2.16µm
_4057_,2.16µm
_4140_,2.16µm
_0349_,2.06µm
_0367_,2.06µm
_1002_,2.06µm
_1124_,2.06µm
_1182_,2.06µm
_1887_,2.06µm
_2413_,2.06µm
_2549_,2.06µm
_2776_,2.06µm
_3389_,2.06µm
_3599_,2.06µm
net384,2.06µm
net387,2.06µm
_0387_,2.04µm
_0390_,2.04µm
_0399_,2.04µm
_0448_,2.04µm
_0579_,2.04µm
_0792_,2.04µm
_0872_,2.04µm
_0977_,2.04µm
_1224_,2.04µm
_1326_,2.04µm
_1376_,2.04µm
_1382_,2.04µm
_1439_,2.04µm
_1464_,2.04µm
_1940_,2.04µm
_2034_,2.04µm
_2105_,2.04µm
_2386_,2.04µm
_2636_,2.04µm
_2700_,2.04µm
_2777_,2.04µm
_2869_,2.04µm
_3302_,2.04µm
_3421_,2.04µm
_3604_,2.04µm
_3677_,2.04µm
_3750_,2.04µm
_4049_,2.04µm
net378,2.04µm
net386,2.04µm
_0247_,1.94µm
_0370_,1.94µm
_0772_,1.94µm
_1131_,1.94µm
_1443_,1.94µm
_1834_,1.94µm
_3260_,1.94µm
_0016_,1.84µm
_0527_,1.84µm
_1561_,1.84µm
_1959_,1.84µm
_2460_,1.84µm
_2474_,1.84µm
_2705_,1.84µm
_3305_,1.84µm
_3363_,1.84µm
_3638_,1.84µm
_3764_,1.84µm
_3889_,1.84µm
_4005_,1.84µm
_0887_,1.82µm
_3761_,1.82µm
_0225_,1.72µm
_0855_,1.72µm
_0911_,1.72µm
_1064_,1.72µm
_1158_,1.72µm
_1288_,1.72µm
_1715_,1.72µm
_2277_,1.72µm
_2808_,1.72µm
_3291_,1.72µm
_3329_,1.72µm
_3743_,1.72µm
_3903_,1.72µm
_0081_,1.7µm
_0125_,1.7µm
_0460_,1.7µm
_0522_,1.7µm
_0640_,1.7µm
_0755_,1.7µm
_0939_,1.7µm
_1024_,1.7µm
_1107_,1.7µm
_1167_,1.7µm
_1235_,1.7µm
_1306_,1.7µm
_1334_,1.7µm
_1405_,1.7µm
_1415_,1.7µm
_1587_,1.7µm
_1767_,1.7µm
_2025_,1.7µm
_2258_,1.7µm
_2283_,1.7µm
_2362_,1.7µm
_2473_,1.7µm
_2484_,1.7µm
_2715_,1.7µm
_2834_,1.7µm
_3154_,1.7µm
_3190_,1.7µm
_3269_,1.7µm
_3410_,1.7µm
_3476_,1.7µm
_3546_,1.7µm
_3622_,1.7µm
_3674_,1.7µm
_3696_,1.7µm
_3951_,1.7µm
net371,1.7µm
net380,1.7µm
net418,1.7µm
_0630_,1.6µm
_0728_,1.6µm
_0961_,1.6µm
_1201_,1.6µm
_1558_,1.6µm
_3572_,1.6µm
_4014_,1.6µm
_0101_,1.48µm
_1390_,1.48µm
_2676_,1.48µm
_3880_,1.48µm
_0167_,1.38µm
_0184_,1.38µm
_0323_,1.38µm
_0325_,1.38µm
_1791_,1.38µm
_1811_,1.38µm
_2099_,1.38µm
_2959_,1.38µm
_3211_,1.38µm
_3240_,1.38µm
_3285_,1.38µm
_3593_,1.38µm
_3928_,1.38µm
_4091_,1.38µm
_1220_,1.36µm
_3479_,1.36µm
_3597_,1.36µm
_0084_,1.29µm
_0664_,1.26µm
_1053_,1.26µm
_1205_,1.26µm
_1247_,1.26µm
_1424_,1.26µm
_1430_,1.26µm
_1872_,1.26µm
_1896_,1.26µm
_2043_,1.26µm
_2095_,1.26µm
_2265_,1.26µm
_2368_,1.26µm
_2630_,1.26µm
_2690_,1.26µm
_3556_,1.26µm
_4098_,1.26µm
_1282_,1.14µm
_1536_,1.14µm
_2203_,1.14µm
_2681_,1.14µm
_3934_,1.14µm
_3971_,1.14µm
net385,1.14µm
_0221_,1.02µm
_0938_,1.02µm
_1375_,1.02µm
_1707_,1.02µm
net325,0.92µm
net327,0.92µm
net329,0.92µm
net330,0.92µm
net333,0.92µm
net342,0.92µm
_0129_,0.92µm
_0287_,0.92µm
_0669_,0.92µm
_0731_,0.92µm
_0769_,0.92µm
_0919_,0.92µm
_1030_,0.92µm
_1051_,0.92µm
_1259_,0.92µm
_1311_,0.92µm
_1347_,0.92µm
_1499_,0.92µm
_1617_,0.92µm
_1755_,0.92µm
_1815_,0.92µm
_1820_,0.92µm
_2436_,0.92µm
_2438_,0.92µm
_2514_,0.92µm
_2581_,0.92µm
_2816_,0.92µm
_3707_,0.92µm
_3758_,0.92µm
_3845_,0.92µm
_4027_,0.92µm
_4087_,0.92µm
net322,0.92µm
_1580_,0.8µm
_3039_,0.8µm
_0519_,0.46µm
_0541_,0.46µm
_0857_,0.46µm
_1731_,0.46µm
_2017_,0.46µm
_2125_,0.46µm
_2592_,0.46µm
_2778_,0.46µm
_3157_,0.46µm
_3348_,0.46µm
_3571_,0.46µm
_3780_,0.46µm
_3869_,0.46µm
_3879_,0.46µm
